line_index,line_syllable_count,word_count,average_syllable,max_syllable_count,min_syllable_count
1,12,6,2.0,4,1
2,10,4,2.5,4,1
3,14,4,3.5,7,1
4,13,6,2.1666666666666665,6,1
5,9,4,2.25,3,1
6,9,4,2.25,4,1
7,10,5,2.0,5,1
8,11,4,2.75,5,1
9,8,4,2.0,3,1
10,12,5,2.4,3,1
11,10,4,2.5,4,1
12,11,4,2.75,4,1
13,9,3,3.0,5,1
14,10,4,2.5,5,1
15,9,3,3.0,4,1
16,7,3,2.3333333333333335,4,1
17,8,4,2.0,4,1
18,8,3,2.6666666666666665,4,1
19,7,3,2.3333333333333335,4,1
20,11,6,1.8333333333333333,3,1
21,9,3,3.0,4,1
22,8,3,2.6666666666666665,4,1
23,7,3,2.3333333333333335,4,1
24,8,3,2.6666666666666665,4,1
25,8,3,2.6666666666666665,4,1
26,7,3,2.3333333333333335,3,1
27,7,4,1.75,3,1
28,12,6,2.0,3,1
29,7,3,2.3333333333333335,3,1
30,11,6,1.8333333333333333,3,1
31,9,3,3.0,4,1
32,10,4,2.5,5,1
33,7,4,1.75,3,1
34,8,3,2.6666666666666665,3,2
35,9,3,3.0,5,2
36,10,4,2.5,5,1
37,10,4,2.5,4,1
38,8,5,1.6,3,1
39,8,4,2.0,3,1
40,10,4,2.5,4,1
41,8,3,2.6666666666666665,4,2
42,9,4,2.25,4,1
43,10,3,3.3333333333333335,5,2
44,8,4,2.0,3,1
45,8,3,2.6666666666666665,3,2
46,8,3,2.6666666666666665,5,1
47,9,2,4.5,5,4
48,11,6,1.8333333333333333,4,1
49,9,3,3.0,4,2
50,10,4,2.5,5,1
51,10,5,2.0,3,1
52,8,4,2.0,4,1
53,8,4,2.0,4,1
54,9,5,1.8,4,1
55,9,4,2.25,4,1
56,8,3,2.6666666666666665,4,1
57,8,3,2.6666666666666665,5,1
58,9,5,1.8,3,1
59,9,4,2.25,5,1
60,7,4,1.75,2,1
61,10,4,2.5,5,1
62,8,3,2.6666666666666665,4,1
63,7,2,3.5,5,2
64,7,4,1.75,3,1
65,9,3,3.0,5,1
66,9,4,2.25,4,1
67,8,3,2.6666666666666665,3,2
68,9,5,1.8,4,1
69,9,4,2.25,3,1
70,10,5,2.0,4,1
71,10,3,3.3333333333333335,4,3
72,9,4,2.25,4,1
73,11,5,2.2,3,1
74,8,5,1.6,3,1
75,10,5,2.0,4,1
76,7,4,1.75,3,1
77,11,5,2.2,4,1
78,9,5,1.8,3,1
79,8,4,2.0,3,1
80,8,4,2.0,4,1
81,9,4,2.25,4,1
82,7,4,1.75,3,1
83,7,3,2.3333333333333335,3,2
84,9,4,2.25,4,1
85,13,5,2.6,5,1
86,13,7,1.8571428571428572,5,1
87,9,4,2.25,3,1
88,11,4,2.75,4,2
89,8,3,2.6666666666666665,5,1
90,11,4,2.75,4,1
91,12,5,2.4,4,1
92,9,4,2.25,4,1
93,9,4,2.25,4,1
94,8,4,2.0,3,1
95,9,5,1.8,3,1
96,11,6,1.8333333333333333,3,1
97,10,5,2.0,4,1
98,7,2,3.5,4,3
99,10,4,2.5,5,1
100,10,5,2.0,3,1
101,9,4,2.25,4,1
102,9,3,3.0,5,1
103,10,5,2.0,3,1
104,11,6,1.8333333333333333,3,1
105,8,4,2.0,3,1
106,11,4,2.75,5,1
107,10,3,3.3333333333333335,5,2
108,11,6,1.8333333333333333,3,1
109,10,4,2.5,5,1
110,7,3,2.3333333333333335,4,1
111,8,4,2.0,3,1
112,9,4,2.25,4,1
113,9,4,2.25,5,1
114,9,5,1.8,2,1
115,8,4,2.0,3,1
116,11,5,2.2,4,1
117,8,4,2.0,3,1
118,8,4,2.0,3,1
119,7,5,1.4,2,1
120,10,5,2.0,3,1
121,10,3,3.3333333333333335,5,2
122,7,3,2.3333333333333335,4,1
123,9,5,1.8,3,1
124,10,4,2.5,5,1
125,7,3,2.3333333333333335,3,1
126,7,4,1.75,3,1
127,7,4,1.75,3,1
128,10,3,3.3333333333333335,5,2
129,8,3,2.6666666666666665,5,1
130,8,4,2.0,4,1
131,9,5,1.8,3,1
132,11,4,2.75,5,1
133,7,3,2.3333333333333335,3,1
134,8,4,2.0,4,1
135,8,4,2.0,4,1
136,10,5,2.0,5,1
137,10,6,1.6666666666666667,2,1
138,7,3,2.3333333333333335,3,2
139,8,3,2.6666666666666665,5,1
140,8,4,2.0,3,1
141,10,4,2.5,5,1
142,9,3,3.0,5,1
143,9,4,2.25,4,1
144,10,5,2.0,4,1
145,7,4,1.75,3,1
146,8,4,2.0,4,1
147,9,6,1.5,2,1
148,10,3,3.3333333333333335,5,1
149,8,4,2.0,4,1
150,10,5,2.0,3,1
151,8,4,2.0,3,1
152,10,4,2.5,4,1
153,7,4,1.75,3,1
154,8,4,2.0,3,1
155,9,4,2.25,5,1
156,9,3,3.0,5,2
157,10,4,2.5,3,1
158,11,5,2.2,4,1
159,9,5,1.8,3,1
160,9,4,2.25,4,1
161,10,4,2.5,5,1
162,8,4,2.0,3,1
163,9,4,2.25,4,1
164,9,3,3.0,4,1
165,8,4,2.0,4,1
166,9,4,2.25,3,1
167,13,4,3.25,5,2
168,10,6,1.6666666666666667,2,1
169,11,5,2.2,4,1
170,8,3,2.6666666666666665,5,1
171,9,3,3.0,5,2
172,9,4,2.25,4,1
173,8,2,4.0,4,4
174,9,4,2.25,3,1
175,8,4,2.0,4,1
176,8,4,2.0,4,1
177,9,4,2.25,4,1
178,9,4,2.25,3,1
179,8,4,2.0,4,1
180,8,3,2.6666666666666665,5,1
181,7,3,2.3333333333333335,3,1
182,8,4,2.0,3,1
183,8,4,2.0,3,1
184,10,4,2.5,5,1
185,8,4,2.0,4,1
186,7,4,1.75,3,1
187,10,4,2.5,4,1
188,8,4,2.0,4,1
189,9,4,2.25,5,1
190,10,4,2.5,4,1
191,9,4,2.25,5,1
192,7,4,1.75,2,1
193,9,4,2.25,4,1
194,8,4,2.0,4,1
195,9,4,2.25,3,1
196,9,3,3.0,4,2
197,7,4,1.75,3,1
198,10,4,2.5,4,1
199,9,4,2.25,4,1
200,10,4,2.5,4,1
201,7,4,1.75,3,1
202,8,4,2.0,3,1
203,7,3,2.3333333333333335,5,1
204,9,3,3.0,5,1
205,8,4,2.0,4,1
206,9,4,2.25,3,1
207,12,6,2.0,3,1
208,8,4,2.0,4,1
209,8,4,2.0,3,1
210,8,4,2.0,4,1
211,10,4,2.5,6,1
212,11,5,2.2,3,1
213,10,5,2.0,3,1
214,8,4,2.0,3,1
215,7,4,1.75,2,1
216,9,4,2.25,4,1
217,9,4,2.25,3,1
218,10,4,2.5,4,1
219,8,4,2.0,3,1
220,7,3,2.3333333333333335,4,1
221,10,5,2.0,3,1
222,6,3,2.0,3,1
223,11,4,2.75,3,2
224,10,4,2.5,3,1
225,11,4,2.75,4,1
226,10,4,2.5,4,1
227,10,4,2.5,5,1
228,10,4,2.5,3,1
229,9,4,2.25,3,1
230,9,4,2.25,3,1
231,9,4,2.25,3,1
232,10,4,2.5,4,1
233,10,4,2.5,5,1
234,11,4,2.75,5,1
235,9,3,3.0,5,2
236,10,5,2.0,4,1
237,10,4,2.5,3,1
238,11,6,1.8333333333333333,3,1
239,11,6,1.8333333333333333,4,1
240,10,5,2.0,4,1
241,9,4,2.25,4,1
242,8,3,2.6666666666666665,4,1
243,8,5,1.6,3,1
244,9,4,2.25,4,1
245,7,2,3.5,6,1
246,9,4,2.25,4,1
247,8,3,2.6666666666666665,4,2
248,12,6,2.0,3,1
249,8,5,1.6,3,1
250,7,3,2.3333333333333335,4,1
251,9,4,2.25,4,1
252,9,5,1.8,3,1
253,9,4,2.25,4,1
254,8,3,2.6666666666666665,5,1
255,8,3,2.6666666666666665,5,1
256,7,4,1.75,3,1
257,9,4,2.25,3,2
258,7,4,1.75,3,1
259,10,3,3.3333333333333335,5,1
260,11,5,2.2,4,1
261,12,4,3.0,5,1
262,11,4,2.75,5,1
263,10,4,2.5,3,1
264,8,5,1.6,2,1
265,9,4,2.25,4,1
266,9,5,1.8,3,1
267,10,3,3.3333333333333335,5,1
268,7,3,2.3333333333333335,4,1
269,9,4,2.25,4,1
270,7,3,2.3333333333333335,3,1
271,9,4,2.25,4,1
272,10,5,2.0,3,1
273,7,3,2.3333333333333335,3,2
274,8,5,1.6,2,1
275,10,3,3.3333333333333335,6,2
276,9,5,1.8,3,1
277,8,4,2.0,3,1
278,8,3,2.6666666666666665,4,2
279,9,3,3.0,5,1
280,8,4,2.0,4,1
281,10,5,2.0,4,1
282,9,4,2.25,4,1
283,9,4,2.25,3,1
284,9,4,2.25,4,1
285,9,4,2.25,3,1
286,9,5,1.8,2,1
287,9,4,2.25,4,1
288,8,4,2.0,4,1
289,9,3,3.0,5,1
290,8,3,2.6666666666666665,4,1
291,9,4,2.25,3,1
292,9,3,3.0,4,1
293,9,2,4.5,7,2
294,8,3,2.6666666666666665,4,1
295,8,3,2.6666666666666665,4,1
296,7,3,2.3333333333333335,4,1
297,8,3,2.6666666666666665,4,1
298,8,3,2.6666666666666665,4,1
299,9,4,2.25,3,1
300,9,4,2.25,5,1
301,8,3,2.6666666666666665,5,1
302,9,3,3.0,5,2
303,9,4,2.25,4,1
304,10,5,2.0,3,1
305,9,3,3.0,5,1
306,9,3,3.0,5,2
307,14,5,2.8,5,1
308,8,3,2.6666666666666665,5,1
309,8,5,1.6,3,1
310,8,3,2.6666666666666665,4,1
311,8,4,2.0,3,1
312,8,4,2.0,3,1
313,8,4,2.0,3,1
314,10,4,2.5,3,1
315,10,5,2.0,3,1
316,8,4,2.0,3,1
317,11,4,2.75,4,1
318,8,4,2.0,3,1
319,7,3,2.3333333333333335,5,1
320,9,3,3.0,5,1
321,8,4,2.0,4,1
322,10,5,2.0,4,1
323,9,5,1.8,3,1
324,8,4,2.0,3,1
325,9,6,1.5,2,1
326,12,5,2.4,5,1
327,9,6,1.5,3,1
328,8,5,1.6,3,1
329,8,4,2.0,3,1
330,8,4,2.0,3,1
331,10,5,2.0,4,1
332,8,4,2.0,3,1
333,7,3,2.3333333333333335,3,1
334,7,3,2.3333333333333335,4,1
335,10,4,2.5,4,1
336,8,4,2.0,4,1
337,7,3,2.3333333333333335,4,1
338,9,4,2.25,3,1
339,10,3,3.3333333333333335,4,3
340,9,4,2.25,4,1
341,7,2,3.5,6,1
342,10,5,2.0,3,1
343,8,4,2.0,3,1
344,8,5,1.6,3,1
345,9,4,2.25,3,1
346,8,3,2.6666666666666665,4,1
347,6,2,3.0,4,2
348,7,4,1.75,3,1
349,8,4,2.0,3,1
350,8,4,2.0,3,1
351,8,4,2.0,3,1
352,8,3,2.6666666666666665,4,1
353,8,4,2.0,3,1
354,10,4,2.5,4,1
355,8,4,2.0,4,1
356,10,5,2.0,4,1
357,8,5,1.6,2,1
358,7,4,1.75,4,1
359,8,4,2.0,3,1
360,7,3,2.3333333333333335,3,1
361,7,3,2.3333333333333335,3,1
362,7,3,2.3333333333333335,4,1
363,7,3,2.3333333333333335,3,1
364,8,4,2.0,4,1
365,10,4,2.5,5,1
366,10,3,3.3333333333333335,4,2
367,8,3,2.6666666666666665,4,1
368,8,5,1.6,2,1
369,10,3,3.3333333333333335,5,1
370,10,4,2.5,5,1
371,9,4,2.25,4,1
372,9,4,2.25,4,1
373,8,4,2.0,4,1
374,8,2,4.0,4,4
375,7,3,2.3333333333333335,4,1
376,8,4,2.0,3,1
377,9,5,1.8,3,1
378,9,4,2.25,3,1
379,8,4,2.0,4,1
380,9,4,2.25,5,1
381,8,4,2.0,3,1
382,8,4,2.0,4,1
383,11,4,2.75,4,1
384,8,3,2.6666666666666665,5,1
385,8,3,2.6666666666666665,5,1
386,9,4,2.25,4,1
387,11,5,2.2,5,1
388,10,4,2.5,5,1
389,9,4,2.25,5,1
390,10,3,3.3333333333333335,4,3
391,9,4,2.25,3,2
392,8,3,2.6666666666666665,4,1
393,8,4,2.0,3,1
394,10,4,2.5,4,1
395,7,4,1.75,3,1
396,8,4,2.0,4,1
397,9,3,3.0,4,2
398,11,5,2.2,4,1
399,8,3,2.6666666666666665,5,1
400,9,4,2.25,4,1
401,8,3,2.6666666666666665,4,1
402,8,3,2.6666666666666665,5,1
403,9,4,2.25,4,1
404,8,3,2.6666666666666665,4,1
405,8,5,1.6,3,1
406,10,5,2.0,4,1
407,10,4,2.5,5,1
408,9,4,2.25,5,1
409,9,6,1.5,2,1
410,10,4,2.5,5,1
411,11,5,2.2,4,1
412,10,5,2.0,3,1
413,8,4,2.0,4,1
414,6,3,2.0,3,1
415,8,4,2.0,3,1
416,7,4,1.75,3,1
417,6,3,2.0,3,1
418,8,4,2.0,3,1
419,10,4,2.5,5,1
420,8,5,1.6,3,1
421,7,3,2.3333333333333335,4,1
422,7,3,2.3333333333333335,3,1
423,8,3,2.6666666666666665,5,1
424,8,5,1.6,2,1
425,8,5,1.6,2,1
426,10,5,2.0,3,1
427,8,4,2.0,4,1
428,8,3,2.6666666666666665,4,2
429,8,3,2.6666666666666665,4,1
430,8,3,2.6666666666666665,5,1
431,10,4,2.5,5,1
432,7,3,2.3333333333333335,4,1
433,8,4,2.0,3,1
434,8,3,2.6666666666666665,4,1
435,8,4,2.0,3,1
436,7,4,1.75,3,1
437,11,6,1.8333333333333333,3,1
438,8,4,2.0,4,1
439,6,2,3.0,4,2
440,10,3,3.3333333333333335,5,1
441,7,3,2.3333333333333335,4,1
442,9,3,3.0,4,1
443,9,3,3.0,4,2
444,9,5,1.8,3,1
445,13,4,3.25,4,1
446,8,4,2.0,4,1
447,9,4,2.25,4,1
448,10,4,2.5,4,1
449,9,5,1.8,2,1
450,8,4,2.0,4,1
451,7,4,1.75,3,1
452,8,5,1.6,3,1
453,8,4,2.0,4,1
454,9,4,2.25,5,1
455,11,4,2.75,4,1
456,8,4,2.0,3,1
457,10,6,1.6666666666666667,3,1
458,10,4,2.5,4,1
459,7,4,1.75,2,1
460,9,4,2.25,3,1
461,9,4,2.25,5,1
462,8,4,2.0,3,1
463,7,4,1.75,3,1
464,11,4,2.75,5,1
465,9,4,2.25,4,1
466,9,4,2.25,4,1
467,8,4,2.0,3,1
468,10,4,2.5,4,1
469,8,4,2.0,4,1
470,7,3,2.3333333333333335,4,1
471,9,3,3.0,5,1
472,10,4,2.5,4,1
473,8,5,1.6,2,1
474,9,5,1.8,3,1
475,10,4,2.5,4,1
476,9,4,2.25,5,1
477,8,4,2.0,3,1
478,8,3,2.6666666666666665,5,1
479,8,4,2.0,4,1
480,8,4,2.0,4,1
481,7,3,2.3333333333333335,4,1
482,8,4,2.0,4,1
483,8,5,1.6,2,1
484,8,4,2.0,3,1
485,7,4,1.75,3,1
486,8,3,2.6666666666666665,4,1
487,7,4,1.75,3,1
488,7,3,2.3333333333333335,3,1
489,10,4,2.5,5,1
490,10,4,2.5,5,1
491,11,4,2.75,5,1
492,8,3,2.6666666666666665,5,1
493,8,4,2.0,3,1
494,8,4,2.0,3,1
495,9,5,1.8,4,1
496,7,3,2.3333333333333335,4,1
497,7,4,1.75,2,1
498,9,5,1.8,3,1
499,9,4,2.25,3,1
500,7,4,1.75,2,1
501,9,5,1.8,3,1
502,7,3,2.3333333333333335,4,1
503,8,4,2.0,3,1
504,8,5,1.6,3,1
505,9,5,1.8,4,1
506,10,5,2.0,4,1
507,8,4,2.0,3,1
508,7,3,2.3333333333333335,4,1
509,8,4,2.0,3,1
510,8,5,1.6,3,1
511,8,4,2.0,3,1
512,9,5,1.8,3,1
513,8,3,2.6666666666666665,5,1
514,11,4,2.75,5,1
515,9,4,2.25,4,1
516,8,4,2.0,3,1
517,9,4,2.25,3,1
518,8,4,2.0,3,1
519,9,5,1.8,3,1
520,9,3,3.0,4,1
521,11,5,2.2,4,1
522,5,2,2.5,4,1
523,10,4,2.5,4,1
524,8,4,2.0,4,1
525,8,3,2.6666666666666665,5,1
526,8,4,2.0,3,1
527,8,5,1.6,2,1
528,9,4,2.25,4,1
529,12,4,3.0,4,1
530,8,3,2.6666666666666665,5,1
531,8,5,1.6,3,1
532,8,4,2.0,4,1
533,7,3,2.3333333333333335,3,1
534,7,3,2.3333333333333335,3,2
535,7,3,2.3333333333333335,3,2
536,10,5,2.0,4,1
537,8,4,2.0,4,1
538,10,4,2.5,5,1
539,9,3,3.0,5,1
540,9,5,1.8,3,1
541,7,4,1.75,3,1
542,8,4,2.0,4,1
543,7,4,1.75,3,1
544,7,3,2.3333333333333335,3,2
545,11,4,2.75,5,2
546,9,4,2.25,4,1
547,8,4,2.0,3,1
548,8,4,2.0,3,1
549,10,5,2.0,4,1
550,11,6,1.8333333333333333,3,1
551,8,4,2.0,3,1
552,9,4,2.25,4,1
553,10,5,2.0,4,1
554,11,4,2.75,5,1
555,8,4,2.0,3,1
556,7,3,2.3333333333333335,4,1
557,9,4,2.25,3,1
558,9,4,2.25,5,1
559,9,4,2.25,4,1
560,9,3,3.0,4,2
561,9,3,3.0,4,2
562,8,4,2.0,3,1
563,10,5,2.0,4,1
564,8,4,2.0,3,1
565,8,4,2.0,3,1
566,11,5,2.2,4,1
567,8,3,2.6666666666666665,5,1
568,9,4,2.25,4,1
569,8,4,2.0,4,1
570,10,5,2.0,3,1
571,8,4,2.0,3,1
572,9,4,2.25,3,1
573,9,4,2.25,4,1
574,8,4,2.0,3,1
575,8,4,2.0,4,1
576,9,4,2.25,4,1
577,8,5,1.6,3,1
578,9,5,1.8,3,1
579,8,4,2.0,3,1
580,9,4,2.25,3,1
581,8,4,2.0,3,1
582,9,4,2.25,5,1
583,11,4,2.75,5,1
584,11,6,1.8333333333333333,3,1
585,8,5,1.6,2,1
586,12,6,2.0,5,1
587,10,5,2.0,4,1
588,8,4,2.0,3,1
589,8,4,2.0,3,1
590,9,5,1.8,3,1
591,10,5,2.0,3,1
592,8,4,2.0,3,1
593,9,4,2.25,3,1
594,10,5,2.0,4,1
595,10,5,2.0,4,1
596,8,4,2.0,4,1
597,7,4,1.75,3,1
598,8,4,2.0,3,1
599,7,3,2.3333333333333335,5,1
600,10,5,2.0,4,1
601,7,4,1.75,3,1
602,10,4,2.5,6,1
603,8,4,2.0,3,1
604,9,5,1.8,3,1
605,8,2,4.0,4,4
606,11,4,2.75,5,1
607,9,3,3.0,5,1
608,8,4,2.0,3,1
609,7,4,1.75,3,1
610,7,4,1.75,3,1
611,9,4,2.25,3,1
612,8,3,2.6666666666666665,4,1
613,8,4,2.0,3,1
614,7,4,1.75,3,1
615,9,3,3.0,6,1
616,9,6,1.5,3,1
617,8,3,2.6666666666666665,4,1
618,8,4,2.0,3,1
619,7,2,3.5,4,3
620,9,4,2.25,4,1
621,10,5,2.0,4,1
622,8,4,2.0,3,1
623,8,4,2.0,4,1
624,11,4,2.75,6,1
625,7,4,1.75,3,1
626,9,4,2.25,4,1
627,7,3,2.3333333333333335,4,1
628,9,4,2.25,5,1
629,11,4,2.75,5,1
630,9,4,2.25,4,1
631,8,4,2.0,3,1
632,7,3,2.3333333333333335,3,1
633,7,2,3.5,5,2
634,8,4,2.0,3,1
635,10,4,2.5,4,1
636,11,4,2.75,5,1
637,9,4,2.25,4,1
638,7,4,1.75,3,1
639,8,3,2.6666666666666665,4,1
640,7,3,2.3333333333333335,3,1
641,9,4,2.25,4,1
642,7,3,2.3333333333333335,3,1
643,10,4,2.5,5,1
644,9,3,3.0,4,1
645,7,4,1.75,3,1
646,7,4,1.75,3,1
647,9,3,3.0,4,2
648,9,4,2.25,4,1
649,8,4,2.0,4,1
650,9,4,2.25,5,1
651,8,4,2.0,4,1
652,9,2,4.5,5,4
653,8,4,2.0,3,1
654,6,3,2.0,3,1
655,9,4,2.25,4,1
656,9,4,2.25,3,2
657,10,5,2.0,4,1
658,10,4,2.5,4,1
659,9,4,2.25,4,1
660,9,4,2.25,4,1
661,9,4,2.25,4,1
662,7,3,2.3333333333333335,3,1
663,8,4,2.0,4,1
664,8,3,2.6666666666666665,4,1
665,11,4,2.75,5,1
666,9,3,3.0,5,1
667,8,2,4.0,5,3
668,9,4,2.25,5,1
669,10,5,2.0,4,1
670,9,4,2.25,4,1
671,7,3,2.3333333333333335,4,1
672,9,3,3.0,5,1
673,8,4,2.0,3,1
674,8,4,2.0,3,1
675,7,4,1.75,3,1
676,7,3,2.3333333333333335,4,1
677,8,4,2.0,3,1
678,9,4,2.25,4,1
679,7,3,2.3333333333333335,3,2
680,8,4,2.0,4,1
681,12,5,2.4,5,1
682,7,3,2.3333333333333335,3,1
683,7,4,1.75,3,1
684,8,4,2.0,4,1
685,8,3,2.6666666666666665,5,1
686,7,4,1.75,2,1
687,8,4,2.0,4,1
688,12,6,2.0,4,1
689,8,3,2.6666666666666665,4,1
690,7,4,1.75,2,1
691,7,3,2.3333333333333335,4,1
692,9,4,2.25,3,1
693,9,5,1.8,4,1
694,9,4,2.25,4,1
695,9,4,2.25,4,1
696,8,4,2.0,4,1
697,9,3,3.0,5,1
698,9,4,2.25,4,1
699,7,3,2.3333333333333335,3,2
700,8,4,2.0,3,1
701,9,3,3.0,5,1
702,9,3,3.0,5,2
703,6,2,3.0,5,1
704,10,4,2.5,4,1
705,7,4,1.75,3,1
706,8,4,2.0,4,1
707,10,4,2.5,4,1
708,8,4,2.0,4,1
709,8,5,1.6,3,1
710,9,4,2.25,4,1
711,8,3,2.6666666666666665,4,2
712,9,5,1.8,3,1
713,10,4,2.5,5,1
714,10,4,2.5,5,1
715,8,4,2.0,3,1
716,8,3,2.6666666666666665,4,1
717,8,3,2.6666666666666665,3,2
718,8,4,2.0,4,1
719,10,3,3.3333333333333335,5,2
720,8,3,2.6666666666666665,5,1
721,8,5,1.6,3,1
722,8,4,2.0,3,1
723,9,3,3.0,4,2
724,10,4,2.5,4,1
725,10,4,2.5,5,1
726,7,4,1.75,3,1
727,10,4,2.5,4,1
728,9,4,2.25,3,1
729,10,3,3.3333333333333335,5,2
730,8,3,2.6666666666666665,4,1
731,10,4,2.5,4,1
732,8,3,2.6666666666666665,4,1
733,9,4,2.25,5,1
734,9,5,1.8,3,1
735,10,4,2.5,4,1
736,6,3,2.0,3,1
737,9,4,2.25,4,1
738,11,4,2.75,4,1
739,10,4,2.5,3,1
740,9,3,3.0,6,1
741,8,4,2.0,3,1
742,7,3,2.3333333333333335,4,1
743,8,4,2.0,4,1
744,12,4,3.0,4,2
745,9,4,2.25,3,1
746,8,4,2.0,4,1
747,7,4,1.75,3,1
748,8,3,2.6666666666666665,4,1
749,9,5,1.8,3,1
750,8,3,2.6666666666666665,3,2
751,8,4,2.0,3,1
752,10,4,2.5,5,1
753,8,4,2.0,3,1
754,6,2,3.0,4,2
755,8,4,2.0,3,1
756,7,2,3.5,5,2
757,7,2,3.5,5,2
758,8,4,2.0,3,1
759,8,4,2.0,3,1
760,8,5,1.6,3,1
761,8,4,2.0,3,1
762,6,2,3.0,4,2
763,8,5,1.6,2,1
764,7,4,1.75,3,1
765,10,4,2.5,4,1
766,7,3,2.3333333333333335,3,1
767,8,4,2.0,3,1
768,8,4,2.0,4,1
769,9,5,1.8,3,1
770,9,3,3.0,5,2
771,11,4,2.75,4,1
772,10,4,2.5,6,1
773,10,4,2.5,3,1
774,6,3,2.0,2,2
775,7,3,2.3333333333333335,3,1
776,7,4,1.75,3,1
777,9,5,1.8,4,1
778,9,4,2.25,4,1
779,8,4,2.0,3,1
780,7,4,1.75,2,1
781,9,5,1.8,3,1
782,9,4,2.25,4,1
783,8,4,2.0,4,1
784,8,4,2.0,4,1
785,11,5,2.2,4,1
786,9,3,3.0,5,1
787,7,3,2.3333333333333335,3,1
788,8,4,2.0,4,1
789,7,3,2.3333333333333335,4,1
790,10,4,2.5,5,1
791,8,4,2.0,3,1
792,9,4,2.25,4,1
793,9,3,3.0,5,1
794,7,3,2.3333333333333335,3,1
795,8,4,2.0,3,1
796,7,3,2.3333333333333335,4,1
797,8,5,1.6,3,1
798,7,4,1.75,3,1
799,9,4,2.25,4,1
800,9,4,2.25,5,1
801,9,5,1.8,2,1
802,9,4,2.25,4,1
803,8,4,2.0,3,1
804,9,5,1.8,3,1
805,7,3,2.3333333333333335,4,1
806,8,5,1.6,3,1
807,8,5,1.6,2,1
808,8,3,2.6666666666666665,4,2
809,12,4,3.0,5,2
810,8,5,1.6,2,1
811,8,3,2.6666666666666665,5,1
812,7,3,2.3333333333333335,4,1
813,9,4,2.25,4,1
814,8,5,1.6,3,1
815,8,4,2.0,4,1
816,8,4,2.0,3,1
817,7,3,2.3333333333333335,4,1
818,8,4,2.0,3,1
819,7,4,1.75,3,1
820,8,3,2.6666666666666665,5,1
821,9,4,2.25,4,1
822,9,5,1.8,3,1
823,8,4,2.0,3,1
824,9,4,2.25,3,1
825,7,4,1.75,2,1
826,7,3,2.3333333333333335,3,1
827,7,3,2.3333333333333335,3,2
828,10,4,2.5,4,1
829,8,5,1.6,3,1
830,9,4,2.25,4,1
831,8,4,2.0,3,1
832,8,4,2.0,3,1
833,8,4,2.0,3,1
834,7,3,2.3333333333333335,4,1
835,9,4,2.25,5,1
836,9,4,2.25,4,1
837,8,4,2.0,4,1
838,9,5,1.8,3,1
839,7,3,2.3333333333333335,3,2
840,7,3,2.3333333333333335,4,1
841,9,4,2.25,3,1
842,9,5,1.8,3,1
843,6,3,2.0,2,2
844,8,4,2.0,4,1
845,9,5,1.8,3,1
846,8,4,2.0,3,1
847,8,3,2.6666666666666665,3,2
848,8,4,2.0,3,1
849,8,4,2.0,4,1
850,8,4,2.0,4,1
851,7,4,1.75,3,1
852,8,5,1.6,2,1
853,11,4,2.75,4,2
854,8,4,2.0,3,1
855,9,5,1.8,3,1
856,8,2,4.0,5,3
857,8,4,2.0,3,1
858,8,4,2.0,4,1
859,8,4,2.0,4,1
860,10,4,2.5,4,1
861,8,4,2.0,3,1
862,8,3,2.6666666666666665,4,1
863,11,5,2.2,4,1
864,8,3,2.6666666666666665,4,1
865,9,4,2.25,4,1
866,11,5,2.2,4,1
867,8,3,2.6666666666666665,3,2
868,9,4,2.25,4,1
869,8,5,1.6,2,1
870,7,3,2.3333333333333335,4,1
871,12,5,2.4,4,1
872,9,4,2.25,4,1
873,9,5,1.8,3,1
874,8,3,2.6666666666666665,4,2
875,9,4,2.25,4,1
876,10,4,2.5,4,1
877,8,4,2.0,3,1
878,7,3,2.3333333333333335,3,1
879,8,4,2.0,3,1
880,8,3,2.6666666666666665,4,2
881,9,4,2.25,4,1
882,9,4,2.25,5,1
883,10,4,2.5,6,1
884,7,3,2.3333333333333335,4,1
885,10,4,2.5,4,1
886,9,4,2.25,3,1
887,8,4,2.0,3,1
888,9,3,3.0,4,2
889,11,4,2.75,5,2
890,9,4,2.25,3,1
891,10,5,2.0,3,1
892,8,4,2.0,4,1
893,8,3,2.6666666666666665,5,1
894,10,4,2.5,4,1
895,8,4,2.0,3,1
896,9,4,2.25,4,1
897,9,4,2.25,4,1
898,10,4,2.5,3,1
899,8,4,2.0,3,1
900,8,4,2.0,4,1
901,7,3,2.3333333333333335,3,1
902,7,4,1.75,3,1
903,8,4,2.0,3,1
904,8,3,2.6666666666666665,4,1
905,10,3,3.3333333333333335,4,3
906,8,3,2.6666666666666665,4,1
907,7,3,2.3333333333333335,4,1
908,10,4,2.5,4,1
909,7,4,1.75,3,1
910,9,4,2.25,3,1
911,7,3,2.3333333333333335,3,2
912,7,4,1.75,3,1
913,8,3,2.6666666666666665,5,1
914,9,4,2.25,4,1
915,8,3,2.6666666666666665,5,1
916,8,4,2.0,4,1
917,10,4,2.5,6,1
918,9,4,2.25,5,1
919,8,5,1.6,3,1
920,10,3,3.3333333333333335,5,2
921,10,5,2.0,4,1
922,9,5,1.8,2,1
923,8,4,2.0,4,1
924,9,6,1.5,3,1
925,8,3,2.6666666666666665,4,1
926,8,3,2.6666666666666665,5,1
927,8,4,2.0,4,1
928,8,4,2.0,3,1
929,8,4,2.0,4,1
930,10,4,2.5,4,1
931,9,5,1.8,4,1
932,11,4,2.75,4,2
933,11,5,2.2,4,1
934,10,4,2.5,4,1
935,11,4,2.75,5,1
936,8,4,2.0,4,1
937,7,3,2.3333333333333335,3,2
938,9,5,1.8,3,1
939,8,4,2.0,4,1
940,7,3,2.3333333333333335,3,2
941,10,5,2.0,3,1
942,9,4,2.25,4,1
943,9,4,2.25,3,1
944,8,4,2.0,4,1
945,7,4,1.75,3,1
946,7,3,2.3333333333333335,4,1
947,9,5,1.8,3,1
948,8,4,2.0,4,1
949,8,3,2.6666666666666665,4,1
950,12,4,3.0,5,1
951,8,4,2.0,4,1
952,11,4,2.75,5,1
953,8,5,1.6,2,1
954,8,3,2.6666666666666665,4,1
955,8,4,2.0,4,1
956,8,4,2.0,3,1
957,7,3,2.3333333333333335,4,1
958,10,6,1.6666666666666667,3,1
959,8,3,2.6666666666666665,4,2
960,7,3,2.3333333333333335,3,2
961,8,4,2.0,3,1
962,9,3,3.0,3,3
963,8,3,2.6666666666666665,4,2
964,8,3,2.6666666666666665,4,1
965,8,4,2.0,3,1
966,7,3,2.3333333333333335,3,2
967,8,4,2.0,4,1
968,8,3,2.6666666666666665,4,2
969,7,3,2.3333333333333335,3,1
970,9,5,1.8,3,1
971,10,4,2.5,3,1
972,9,4,2.25,4,1
973,8,4,2.0,3,1
974,8,3,2.6666666666666665,4,1
975,13,4,3.25,4,2
976,9,4,2.25,5,1
977,10,5,2.0,3,1
978,9,5,1.8,3,1
979,11,5,2.2,3,1
980,8,4,2.0,5,1
981,8,4,2.0,4,1
982,9,3,3.0,5,1
983,10,4,2.5,3,1
984,8,4,2.0,3,1
985,8,4,2.0,4,1
986,9,4,2.25,4,1
987,9,3,3.0,5,1
988,7,4,1.75,3,1
989,8,3,2.6666666666666665,3,2
990,7,3,2.3333333333333335,5,1
991,10,5,2.0,4,1
992,8,4,2.0,3,1
993,9,4,2.25,4,1
994,8,4,2.0,3,1
995,10,4,2.5,3,1
996,9,4,2.25,3,1
997,8,5,1.6,3,1
998,6,4,1.5,2,1
999,6,3,2.0,3,1
1000,9,4,2.25,4,1
1001,9,4,2.25,3,1
1002,8,4,2.0,4,1
1003,7,4,1.75,3,1
1004,8,4,2.0,4,1
1005,9,4,2.25,5,1
1006,9,4,2.25,4,1
1007,8,4,2.0,4,1
1008,7,3,2.3333333333333335,4,1
1009,11,4,2.75,4,1
1010,9,4,2.25,4,1
1011,8,4,2.0,3,1
1012,10,4,2.5,4,1
1013,10,5,2.0,5,1
1014,10,5,2.0,3,1
1015,8,4,2.0,3,1
1016,10,4,2.5,5,1
1017,10,5,2.0,4,1
1018,8,4,2.0,3,1
1019,7,4,1.75,3,1
1020,8,4,2.0,4,1
1021,8,4,2.0,3,1
1022,10,4,2.5,4,1
1023,8,4,2.0,3,1
1024,9,4,2.25,4,1
1025,9,4,2.25,5,1
1026,9,5,1.8,4,1
1027,8,4,2.0,3,1
1028,8,3,2.6666666666666665,4,2
1029,8,3,2.6666666666666665,4,1
1030,9,4,2.25,4,1
1031,9,5,1.8,3,1
1032,10,5,2.0,3,1
1033,10,4,2.5,4,1
1034,8,3,2.6666666666666665,4,1
1035,9,4,2.25,3,1
1036,8,4,2.0,4,1
1037,8,4,2.0,4,1
1038,7,4,1.75,3,1
1039,8,4,2.0,4,1
1040,6,3,2.0,3,1
1041,9,4,2.25,3,1
1042,8,5,1.6,3,1
1043,10,4,2.5,4,1
1044,10,5,2.0,4,1
1045,10,4,2.5,5,1
1046,7,4,1.75,3,1
1047,10,5,2.0,4,1
1048,8,4,2.0,3,1
1049,8,4,2.0,4,1
1050,8,4,2.0,3,1
1051,8,4,2.0,4,1
1052,7,4,1.75,3,1
1053,7,4,1.75,2,1
1054,9,5,1.8,3,1
1055,10,4,2.5,3,1
1056,8,4,2.0,4,1
1057,7,4,1.75,3,1
1058,10,4,2.5,5,1
1059,7,3,2.3333333333333335,4,1
1060,8,3,2.6666666666666665,5,1
1061,9,4,2.25,4,1
1062,7,3,2.3333333333333335,3,1
1063,8,4,2.0,3,1
1064,8,4,2.0,4,1
1065,9,5,1.8,3,1
1066,9,3,3.0,5,1
1067,8,4,2.0,3,1
1068,7,2,3.5,4,3
1069,6,3,2.0,2,2
1070,10,5,2.0,3,1
1071,8,4,2.0,4,1
1072,9,4,2.25,4,1
1073,8,4,2.0,3,1
1074,7,4,1.75,2,1
1075,8,3,2.6666666666666665,4,2
1076,10,5,2.0,4,1
1077,8,4,2.0,3,1
1078,10,4,2.5,4,1
1079,9,3,3.0,4,1
1080,7,3,2.3333333333333335,3,1
1081,11,4,2.75,4,1
1082,8,4,2.0,4,1
1083,8,4,2.0,3,1
1084,8,4,2.0,4,1
1085,8,4,2.0,3,1
1086,10,5,2.0,3,1
1087,8,4,2.0,4,1
1088,10,4,2.5,5,1
1089,8,3,2.6666666666666665,5,1
1090,9,5,1.8,3,1
1091,11,5,2.2,4,1
1092,8,4,2.0,3,1
1093,10,3,3.3333333333333335,5,1
1094,8,3,2.6666666666666665,4,1
1095,7,3,2.3333333333333335,4,1
1096,6,3,2.0,2,2
1097,8,4,2.0,3,1
1098,7,3,2.3333333333333335,4,1
1099,9,4,2.25,4,1
1100,8,3,2.6666666666666665,4,1
1101,8,4,2.0,4,1
1102,8,4,2.0,4,1
1103,9,4,2.25,5,1
1104,8,3,2.6666666666666665,5,1
1105,7,3,2.3333333333333335,4,1
1106,9,4,2.25,4,1
1107,8,4,2.0,3,1
1108,10,4,2.5,5,1
1109,8,2,4.0,4,4
1110,8,4,2.0,4,1
1111,8,3,2.6666666666666665,5,1
1112,9,4,2.25,3,1
1113,9,3,3.0,3,3
1114,8,4,2.0,3,1
1115,10,5,2.0,4,1
1116,10,4,2.5,4,1
1117,6,3,2.0,3,1
1118,9,5,1.8,3,1
1119,8,4,2.0,4,1
1120,10,5,2.0,4,1
1121,9,5,1.8,3,1
1122,7,4,1.75,3,1
1123,8,5,1.6,2,1
1124,9,3,3.0,4,1
1125,10,4,2.5,3,1
1126,8,3,2.6666666666666665,5,1
1127,9,3,3.0,5,1
1128,8,4,2.0,3,1
1129,8,4,2.0,4,1
1130,9,4,2.25,4,1
1131,8,4,2.0,3,1
1132,8,4,2.0,3,1
1133,7,4,1.75,2,1
1134,10,5,2.0,4,1
1135,8,5,1.6,2,1
1136,9,3,3.0,3,3
1137,10,5,2.0,4,1
1138,10,5,2.0,4,1
1139,8,3,2.6666666666666665,5,1
1140,8,4,2.0,3,1
1141,8,4,2.0,3,1
1142,8,3,2.6666666666666665,5,1
1143,9,3,3.0,4,2
1144,8,3,2.6666666666666665,5,1
1145,9,4,2.25,4,1
1146,8,4,2.0,3,1
1147,8,4,2.0,3,1
1148,10,4,2.5,5,1
1149,8,4,2.0,3,1
1150,10,4,2.5,6,1
1151,11,3,3.6666666666666665,4,3
1152,9,4,2.25,5,1
1153,8,4,2.0,3,1
1154,10,5,2.0,4,1
1155,7,3,2.3333333333333335,3,2
1156,10,4,2.5,4,1
1157,7,3,2.3333333333333335,3,2
1158,10,4,2.5,4,1
1159,12,6,2.0,3,1
1160,8,3,2.6666666666666665,5,1
1161,10,5,2.0,3,1
1162,9,4,2.25,3,1
1163,8,3,2.6666666666666665,4,1
1164,9,5,1.8,4,1
1165,9,4,2.25,3,1
1166,8,5,1.6,2,1
1167,11,4,2.75,5,1
1168,13,6,2.1666666666666665,4,1
1169,5,3,1.6666666666666667,2,1
1170,7,3,2.3333333333333335,3,2
1171,7,3,2.3333333333333335,3,1
1172,7,4,1.75,2,1
1173,9,4,2.25,3,1
1174,8,4,2.0,3,1
1175,8,3,2.6666666666666665,4,1
1176,8,3,2.6666666666666665,5,1
1177,9,3,3.0,5,2
1178,10,4,2.5,3,1
1179,9,4,2.25,4,1
1180,7,2,3.5,5,2
1181,7,3,2.3333333333333335,3,1
1182,6,3,2.0,3,1
1183,9,4,2.25,4,1
1184,10,4,2.5,3,1
1185,10,4,2.5,5,1
1186,7,3,2.3333333333333335,4,1
1187,8,4,2.0,3,1
1188,8,4,2.0,4,1
1189,6,3,2.0,2,2
1190,7,3,2.3333333333333335,4,1
1191,9,4,2.25,3,1
1192,8,4,2.0,3,1
1193,5,3,1.6666666666666667,3,1
1194,10,2,5.0,5,5
1195,12,7,1.7142857142857142,3,1
1196,9,2,4.5,6,3
1197,7,4,1.75,3,1
1198,10,6,1.6666666666666667,2,1
1199,8,4,2.0,3,1
1200,6,3,2.0,2,2
1201,8,5,1.6,2,1
1202,8,4,2.0,3,1
1203,7,3,2.3333333333333335,4,1
1204,8,4,2.0,4,1
1205,8,3,2.6666666666666665,4,1
1206,9,4,2.25,4,1
1207,8,5,1.6,3,1
1208,8,4,2.0,3,1
1209,8,5,1.6,2,1
1210,9,4,2.25,3,1
1211,8,4,2.0,4,1
1212,9,4,2.25,3,1
1213,10,5,2.0,4,1
1214,8,4,2.0,3,1
1215,9,5,1.8,3,1
1216,8,4,2.0,3,1
1217,8,3,2.6666666666666665,4,1
1218,6,3,2.0,3,1
1219,10,6,1.6666666666666667,2,1
1220,8,4,2.0,4,1
1221,8,3,2.6666666666666665,5,1
1222,8,4,2.0,3,1
1223,8,5,1.6,2,1
1224,8,5,1.6,3,1
1225,8,3,2.6666666666666665,4,2
1226,7,4,1.75,3,1
1227,7,3,2.3333333333333335,3,1
1228,10,4,2.5,5,1
1229,7,3,2.3333333333333335,5,1
1230,9,5,1.8,3,1
1231,8,4,2.0,3,1
1232,9,3,3.0,5,1
1233,8,4,2.0,4,1
1234,8,4,2.0,3,1
1235,8,5,1.6,3,1
1236,8,3,2.6666666666666665,5,1
1237,8,4,2.0,3,1
1238,9,4,2.25,3,1
1239,8,3,2.6666666666666665,5,1
1240,12,5,2.4,3,2
1241,8,4,2.0,4,1
1242,8,4,2.0,3,1
1243,9,4,2.25,4,1
1244,9,5,1.8,4,1
1245,8,4,2.0,3,1
1246,7,3,2.3333333333333335,5,1
1247,9,4,2.25,3,1
1248,8,4,2.0,3,1
1249,8,4,2.0,3,1
1250,8,4,2.0,4,1
1251,9,6,1.5,2,1
1252,9,4,2.25,4,1
1253,9,4,2.25,5,1
1254,9,4,2.25,4,1
1255,8,3,2.6666666666666665,4,1
1256,8,4,2.0,4,1
1257,8,3,2.6666666666666665,5,1
1258,7,4,1.75,3,1
1259,7,4,1.75,3,1
1260,7,3,2.3333333333333335,4,1
1261,10,4,2.5,4,1
1262,8,3,2.6666666666666665,5,1
1263,11,4,2.75,3,2
1264,11,5,2.2,4,1
1265,9,5,1.8,4,1
1266,8,3,2.6666666666666665,3,2
1267,9,4,2.25,4,1
1268,8,3,2.6666666666666665,5,1
1269,10,4,2.5,4,1
1270,9,3,3.0,4,1
1271,10,4,2.5,4,1
1272,8,5,1.6,2,1
1273,10,4,2.5,4,1
1274,7,4,1.75,3,1
1275,10,4,2.5,4,1
1276,8,4,2.0,3,1
1277,10,4,2.5,4,1
1278,8,4,2.0,3,1
1279,8,4,2.0,3,1
1280,8,4,2.0,4,1
1281,9,3,3.0,4,1
1282,10,4,2.5,4,1
1283,9,4,2.25,4,1
1284,9,4,2.25,5,1
1285,9,4,2.25,4,1
1286,8,4,2.0,4,1
1287,12,4,3.0,6,1
1288,10,6,1.6666666666666667,3,1
1289,10,4,2.5,3,1
1290,10,4,2.5,6,1
1291,9,4,2.25,4,1
1292,9,4,2.25,4,1
1293,10,5,2.0,3,1
1294,10,3,3.3333333333333335,5,1
1295,11,4,2.75,5,1
1296,8,3,2.6666666666666665,5,1
1297,7,3,2.3333333333333335,3,1
1298,8,4,2.0,3,1
1299,9,5,1.8,2,1
1300,7,3,2.3333333333333335,4,1
1301,13,5,2.6,4,1
1302,6,3,2.0,2,2
1303,8,4,2.0,3,1
1304,7,4,1.75,2,1
1305,8,4,2.0,4,1
1306,8,4,2.0,4,1
1307,6,3,2.0,2,2
1308,8,4,2.0,4,1
1309,7,4,1.75,3,1
1310,10,4,2.5,3,2
1311,8,4,2.0,4,1
1312,8,4,2.0,3,1
1313,8,4,2.0,3,1
1314,9,5,1.8,4,1
1315,9,5,1.8,3,1
1316,8,4,2.0,3,1
1317,9,4,2.25,3,1
1318,9,4,2.25,5,1
1319,9,4,2.25,4,1
1320,6,3,2.0,4,1
1321,7,3,2.3333333333333335,4,1
1322,8,3,2.6666666666666665,4,1
1323,9,3,3.0,5,1
1324,9,4,2.25,4,1
1325,8,3,2.6666666666666665,5,1
1326,7,3,2.3333333333333335,4,1
1327,8,4,2.0,3,1
1328,8,3,2.6666666666666665,4,1
1329,9,4,2.25,4,1
1330,8,3,2.6666666666666665,4,2
1331,9,5,1.8,3,1
1332,7,3,2.3333333333333335,4,1
1333,9,4,2.25,5,1
1334,7,4,1.75,3,1
1335,8,3,2.6666666666666665,4,1
1336,9,4,2.25,4,1
1337,10,4,2.5,4,1
1338,9,4,2.25,4,1
1339,9,4,2.25,5,1
1340,9,4,2.25,4,1
1341,12,6,2.0,4,1
1342,9,4,2.25,4,1
1343,7,3,2.3333333333333335,4,1
1344,9,4,2.25,4,1
1345,7,3,2.3333333333333335,4,1
1346,7,3,2.3333333333333335,4,1
1347,8,3,2.6666666666666665,4,1
1348,8,4,2.0,3,1
1349,10,5,2.0,4,1
1350,8,4,2.0,3,1
1351,7,3,2.3333333333333335,4,1
1352,8,4,2.0,4,1
1353,11,4,2.75,4,1
1354,8,4,2.0,3,1
1355,8,4,2.0,3,1
1356,10,4,2.5,4,1
1357,9,5,1.8,3,1
1358,8,3,2.6666666666666665,4,1
1359,9,5,1.8,3,1
1360,8,4,2.0,4,1
1361,10,5,2.0,3,1
1362,10,5,2.0,4,1
1363,8,4,2.0,3,1
1364,8,4,2.0,3,1
1365,9,4,2.25,3,1
1366,7,4,1.75,3,1
1367,9,4,2.25,5,1
1368,10,5,2.0,3,1
1369,9,5,1.8,3,1
1370,7,3,2.3333333333333335,5,1
1371,10,5,2.0,4,1
1372,7,3,2.3333333333333335,3,1
1373,10,4,2.5,4,1
1374,10,5,2.0,3,1
1375,8,3,2.6666666666666665,4,2
1376,8,6,1.3333333333333333,2,1
1377,8,4,2.0,3,1
1378,8,4,2.0,3,1
1379,8,4,2.0,4,1
1380,6,3,2.0,3,1
1381,9,5,1.8,3,1
1382,9,4,2.25,4,1
1383,10,4,2.5,5,1
1384,9,3,3.0,5,1
1385,8,4,2.0,3,1
1386,8,4,2.0,4,1
1387,7,4,1.75,3,1
1388,10,5,2.0,3,1
1389,8,3,2.6666666666666665,5,1
1390,8,3,2.6666666666666665,5,1
1391,9,3,3.0,5,1
1392,8,4,2.0,3,1
1393,8,3,2.6666666666666665,3,2
1394,9,4,2.25,4,1
1395,6,3,2.0,4,0
1396,10,5,2.0,3,1
1397,11,5,2.2,4,1
1398,9,5,1.8,3,1
1399,11,3,3.6666666666666665,6,2
1400,9,4,2.25,4,1
1401,9,5,1.8,3,1
1402,8,5,1.6,2,1
1403,8,4,2.0,3,1
1404,7,4,1.75,3,1
1405,9,3,3.0,4,2
1406,9,4,2.25,4,1
1407,8,3,2.6666666666666665,4,1
1408,8,3,2.6666666666666665,4,1
1409,8,3,2.6666666666666665,4,1
1410,9,3,3.0,4,2
1411,7,4,1.75,3,1
1412,8,4,2.0,3,1
1413,10,3,3.3333333333333335,4,2
1414,8,3,2.6666666666666665,5,1
1415,8,3,2.6666666666666665,3,2
1416,9,5,1.8,3,1
1417,11,5,2.2,3,1
1418,9,4,2.25,4,1
1419,8,4,2.0,3,1
1420,8,4,2.0,3,1
1421,11,5,2.2,3,1
1422,7,3,2.3333333333333335,3,1
1423,8,4,2.0,3,1
1424,8,5,1.6,2,1
1425,8,3,2.6666666666666665,4,2
1426,10,4,2.5,5,1
1427,9,5,1.8,3,1
1428,6,3,2.0,3,1
1429,11,5,2.2,5,1
1430,9,4,2.25,4,1
1431,9,3,3.0,4,2
1432,9,3,3.0,5,2
1433,9,5,1.8,3,1
1434,8,4,2.0,4,1
1435,7,4,1.75,3,1
1436,7,4,1.75,3,1
1437,11,5,2.2,4,1
1438,8,4,2.0,3,1
1439,8,4,2.0,3,1
1440,7,3,2.3333333333333335,4,1
1441,9,4,2.25,4,1
1442,9,3,3.0,5,1
1443,11,4,2.75,6,1
1444,9,4,2.25,5,1
1445,11,4,2.75,5,1
1446,11,4,2.75,4,1
1447,9,5,1.8,3,1
1448,8,3,2.6666666666666665,4,2
1449,7,4,1.75,3,1
1450,7,4,1.75,3,1
1451,8,3,2.6666666666666665,5,1
1452,6,3,2.0,3,1
1453,9,4,2.25,4,1
1454,9,3,3.0,5,1
1455,6,3,2.0,3,1
1456,7,3,2.3333333333333335,3,1
1457,7,4,1.75,3,1
1458,9,4,2.25,4,1
1459,7,3,2.3333333333333335,3,1
1460,7,3,2.3333333333333335,3,1
1461,10,5,2.0,4,1
1462,7,4,1.75,3,1
1463,7,4,1.75,3,1
1464,9,4,2.25,4,1
1465,10,5,2.0,3,1
1466,7,4,1.75,3,1
1467,9,4,2.25,5,1
1468,8,3,2.6666666666666665,4,1
1469,11,4,2.75,4,1
1470,10,4,2.5,5,1
1471,10,4,2.5,5,1
1472,7,3,2.3333333333333335,4,1
1473,12,4,3.0,6,1
1474,8,3,2.6666666666666665,5,1
1475,12,6,2.0,3,1
1476,10,4,2.5,4,1
