line,line_syllable_count,word_count,average_syllable,max_syllable_count,min_syllable_count
1,12,6,2.0,4,1
2,10,4,2.5,4,1
3,14,4,3.5,7,1
4,13,6,2.1666666666666665,6,1
5,9,4,2.25,3,1
6,9,4,2.25,4,1
7,10,5,2.0,5,1
8,11,4,2.75,5,1
9,8,4,2.0,3,1
10,12,5,2.4,3,1
11,10,4,2.5,4,1
12,11,4,2.75,4,1
13,9,3,3.0,5,1
14,10,4,2.5,5,1
15,9,3,3.0,4,1
16,7,3,2.3333333333333335,4,1
17,8,4,2.0,4,1
18,8,3,2.6666666666666665,4,1
19,7,3,2.3333333333333335,4,1
20,11,6,1.8333333333333333,3,1
21,9,3,3.0,4,1
22,8,3,2.6666666666666665,4,1
23,15,6,2.5,4,1
24,8,3,2.6666666666666665,4,1
25,7,3,2.3333333333333335,3,1
26,7,4,1.75,3,1
27,12,6,2.0,3,1
28,7,3,2.3333333333333335,3,1
29,11,6,1.8333333333333333,3,1
30,9,3,3.0,4,1
31,10,4,2.5,5,1
32,7,4,1.75,3,1
33,8,3,2.6666666666666665,3,2
34,9,3,3.0,5,2
35,10,4,2.5,5,1
36,10,4,2.5,4,1
37,8,5,1.6,3,1
38,8,4,2.0,3,1
39,10,4,2.5,4,1
40,8,3,2.6666666666666665,4,2
41,9,4,2.25,4,1
42,10,3,3.3333333333333335,5,2
43,8,4,2.0,3,1
44,8,3,2.6666666666666665,3,2
45,8,3,2.6666666666666665,5,1
46,9,2,4.5,5,4
47,11,6,1.8333333333333333,4,1
48,9,3,3.0,4,2
49,10,4,2.5,5,1
50,10,5,2.0,3,1
51,8,4,2.0,4,1
52,8,4,2.0,4,1
53,9,5,1.8,4,1
54,9,4,2.25,4,1
55,8,3,2.6666666666666665,4,1
56,8,3,2.6666666666666665,5,1
57,9,5,1.8,3,1
58,9,4,2.25,5,1
59,7,4,1.75,2,1
60,10,4,2.5,5,1
61,8,3,2.6666666666666665,4,1
62,7,2,3.5,5,2
63,7,4,1.75,3,1
64,9,3,3.0,5,1
65,9,4,2.25,4,1
66,8,3,2.6666666666666665,3,2
67,9,5,1.8,4,1
68,9,4,2.25,3,1
69,10,5,2.0,4,1
70,10,3,3.3333333333333335,4,3
71,9,4,2.25,4,1
72,11,5,2.2,3,1
73,8,5,1.6,3,1
74,10,5,2.0,4,1
75,7,4,1.75,3,1
76,11,5,2.2,4,1
77,9,5,1.8,3,1
78,8,4,2.0,3,1
79,8,4,2.0,4,1
80,9,4,2.25,4,1
81,7,4,1.75,3,1
82,7,3,2.3333333333333335,3,2
83,9,4,2.25,4,1
84,13,5,2.6,5,1
85,13,7,1.8571428571428572,5,1
86,9,4,2.25,3,1
87,11,4,2.75,4,2
88,19,7,2.7142857142857144,5,1
89,12,5,2.4,4,1
90,9,4,2.25,4,1
91,9,4,2.25,4,1
92,8,4,2.0,3,1
93,9,5,1.8,3,1
94,11,6,1.8333333333333333,3,1
95,10,5,2.0,4,1
96,7,2,3.5,4,3
97,10,4,2.5,5,1
98,10,5,2.0,3,1
99,9,4,2.25,4,1
100,9,3,3.0,5,1
101,10,5,2.0,3,1
102,11,6,1.8333333333333333,3,1
103,8,4,2.0,3,1
104,11,4,2.75,5,1
105,10,3,3.3333333333333335,5,2
106,11,6,1.8333333333333333,3,1
107,10,4,2.5,5,1
108,7,3,2.3333333333333335,4,1
109,8,4,2.0,3,1
110,9,4,2.25,4,1
111,9,4,2.25,5,1
112,9,5,1.8,2,1
113,8,4,2.0,3,1
114,11,5,2.2,4,1
115,8,4,2.0,3,1
116,8,4,2.0,3,1
117,7,5,1.4,2,1
118,10,5,2.0,3,1
119,10,3,3.3333333333333335,5,2
120,7,3,2.3333333333333335,4,1
121,9,5,1.8,3,1
122,10,4,2.5,5,1
123,7,3,2.3333333333333335,3,1
124,7,4,1.75,3,1
125,7,4,1.75,3,1
126,10,3,3.3333333333333335,5,2
127,8,3,2.6666666666666665,5,1
128,8,4,2.0,4,1
129,9,5,1.8,3,1
130,11,4,2.75,5,1
131,7,3,2.3333333333333335,3,1
132,8,4,2.0,4,1
133,8,4,2.0,4,1
134,10,5,2.0,5,1
135,10,6,1.6666666666666667,2,1
136,7,3,2.3333333333333335,3,2
137,8,3,2.6666666666666665,5,1
138,8,4,2.0,3,1
139,10,4,2.5,5,1
140,9,3,3.0,5,1
141,9,4,2.25,4,1
142,10,5,2.0,4,1
143,7,4,1.75,3,1
144,8,4,2.0,4,1
145,9,6,1.5,2,1
146,10,3,3.3333333333333335,5,1
147,8,4,2.0,4,1
148,10,5,2.0,3,1
149,8,4,2.0,3,1
150,10,4,2.5,4,1
151,7,4,1.75,3,1
152,8,4,2.0,3,1
153,9,4,2.25,5,1
154,9,3,3.0,5,2
155,10,4,2.5,3,1
156,11,5,2.2,4,1
157,9,5,1.8,3,1
158,9,4,2.25,4,1
159,10,4,2.5,5,1
160,8,4,2.0,3,1
161,9,4,2.25,4,1
162,9,3,3.0,4,1
163,8,4,2.0,4,1
164,9,4,2.25,3,1
165,13,4,3.25,5,2
166,10,6,1.6666666666666667,2,1
167,11,5,2.2,4,1
168,8,3,2.6666666666666665,5,1
169,9,3,3.0,5,2
170,9,4,2.25,4,1
171,8,2,4.0,4,4
172,9,4,2.25,3,1
173,8,4,2.0,4,1
174,8,4,2.0,4,1
175,9,4,2.25,4,1
176,9,4,2.25,3,1
177,8,4,2.0,4,1
178,8,3,2.6666666666666665,5,1
179,7,3,2.3333333333333335,3,1
180,8,4,2.0,3,1
181,8,4,2.0,3,1
182,10,4,2.5,5,1
183,8,4,2.0,4,1
184,7,4,1.75,3,1
185,10,4,2.5,4,1
186,8,4,2.0,4,1
187,9,4,2.25,5,1
188,10,4,2.5,4,1
189,9,4,2.25,5,1
190,7,4,1.75,2,1
191,9,4,2.25,4,1
192,8,4,2.0,4,1
193,9,4,2.25,3,1
194,9,3,3.0,4,2
195,7,4,1.75,3,1
196,10,4,2.5,4,1
197,9,4,2.25,4,1
198,10,4,2.5,4,1
199,7,4,1.75,3,1
200,8,4,2.0,3,1
201,7,3,2.3333333333333335,5,1
202,9,3,3.0,5,1
203,8,4,2.0,4,1
204,9,4,2.25,3,1
205,12,6,2.0,3,1
206,8,4,2.0,4,1
207,8,4,2.0,3,1
208,8,4,2.0,4,1
209,10,4,2.5,6,1
210,11,5,2.2,3,1
211,10,5,2.0,3,1
212,8,4,2.0,3,1
213,7,4,1.75,2,1
214,9,4,2.25,4,1
215,9,4,2.25,3,1
216,10,4,2.5,4,1
217,8,4,2.0,3,1
218,7,3,2.3333333333333335,4,1
219,10,5,2.0,3,1
220,6,3,2.0,3,1
221,12,4,3.0,3,3
222,10,4,2.5,3,1
223,11,4,2.75,4,1
224,10,4,2.5,4,1
225,10,4,2.5,5,1
226,10,4,2.5,3,1
227,9,4,2.25,3,1
228,9,4,2.25,3,1
229,9,4,2.25,3,1
230,10,4,2.5,4,1
231,10,4,2.5,5,1
232,11,4,2.75,5,1
233,9,3,3.0,5,2
234,10,5,2.0,4,1
235,10,4,2.5,3,1
236,11,6,1.8333333333333333,3,1
237,11,6,1.8333333333333333,4,1
238,10,5,2.0,4,1
239,9,4,2.25,4,1
240,8,3,2.6666666666666665,4,1
241,8,5,1.6,3,1
242,9,4,2.25,4,1
243,7,2,3.5,6,1
244,9,4,2.25,4,1
245,8,3,2.6666666666666665,4,2
246,12,6,2.0,3,1
247,8,5,1.6,3,1
248,7,3,2.3333333333333335,4,1
249,9,4,2.25,4,1
250,9,5,1.8,3,1
251,9,4,2.25,4,1
252,8,3,2.6666666666666665,5,1
253,8,3,2.6666666666666665,5,1
254,7,4,1.75,3,1
255,9,4,2.25,3,2
256,7,4,1.75,3,1
257,10,3,3.3333333333333335,5,1
258,11,5,2.2,4,1
259,12,4,3.0,5,1
260,11,4,2.75,5,1
261,10,4,2.5,3,1
262,8,5,1.6,2,1
263,9,4,2.25,4,1
264,9,5,1.8,3,1
265,10,3,3.3333333333333335,5,1
266,7,3,2.3333333333333335,4,1
267,9,4,2.25,4,1
268,7,3,2.3333333333333335,3,1
269,9,4,2.25,4,1
270,10,5,2.0,3,1
271,7,3,2.3333333333333335,3,2
272,8,5,1.6,2,1
273,10,3,3.3333333333333335,6,2
274,9,5,1.8,3,1
275,8,4,2.0,3,1
276,8,3,2.6666666666666665,4,2
277,9,3,3.0,5,1
278,8,4,2.0,4,1
279,10,5,2.0,4,1
280,9,4,2.25,4,1
281,9,4,2.25,3,1
282,9,4,2.25,4,1
283,9,4,2.25,3,1
284,9,5,1.8,2,1
285,9,4,2.25,4,1
286,8,4,2.0,4,1
287,9,3,3.0,5,1
288,8,3,2.6666666666666665,4,1
289,9,4,2.25,3,1
290,9,3,3.0,4,1
291,9,2,4.5,7,2
292,8,3,2.6666666666666665,4,1
293,8,3,2.6666666666666665,4,1
294,7,3,2.3333333333333335,4,1
295,8,3,2.6666666666666665,4,1
296,8,3,2.6666666666666665,4,1
297,9,4,2.25,3,1
298,9,4,2.25,5,1
299,8,3,2.6666666666666665,5,1
300,9,3,3.0,5,2
301,9,4,2.25,4,1
302,10,5,2.0,3,1
303,9,3,3.0,5,1
304,9,3,3.0,5,2
305,14,5,2.8,5,1
306,8,3,2.6666666666666665,5,1
307,8,5,1.6,3,1
308,8,3,2.6666666666666665,4,1
309,8,4,2.0,3,1
310,8,4,2.0,3,1
311,8,4,2.0,3,1
312,10,4,2.5,3,1
313,10,5,2.0,3,1
314,8,4,2.0,3,1
315,11,4,2.75,4,1
316,8,4,2.0,3,1
317,7,3,2.3333333333333335,5,1
318,9,3,3.0,5,1
319,8,4,2.0,4,1
320,10,5,2.0,4,1
321,9,5,1.8,3,1
322,8,4,2.0,3,1
323,9,6,1.5,2,1
324,12,5,2.4,5,1
325,9,6,1.5,3,1
326,8,5,1.6,3,1
327,8,4,2.0,3,1
328,8,4,2.0,3,1
329,10,5,2.0,4,1
330,8,4,2.0,3,1
331,7,3,2.3333333333333335,3,1
332,7,3,2.3333333333333335,4,1
333,10,4,2.5,4,1
334,8,4,2.0,4,1
335,7,3,2.3333333333333335,4,1
336,9,4,2.25,3,1
337,10,3,3.3333333333333335,4,3
338,9,4,2.25,4,1
339,7,2,3.5,6,1
340,10,5,2.0,3,1
341,8,4,2.0,3,1
342,8,5,1.6,3,1
343,9,4,2.25,3,1
344,8,3,2.6666666666666665,4,1
345,6,2,3.0,4,2
346,7,4,1.75,3,1
347,8,4,2.0,3,1
348,8,4,2.0,3,1
349,8,4,2.0,3,1
350,8,3,2.6666666666666665,4,1
351,8,4,2.0,3,1
352,10,4,2.5,4,1
353,8,4,2.0,4,1
354,10,5,2.0,4,1
355,8,5,1.6,2,1
356,7,4,1.75,4,1
357,8,4,2.0,3,1
358,7,3,2.3333333333333335,3,1
359,7,3,2.3333333333333335,3,1
360,7,3,2.3333333333333335,4,1
361,7,3,2.3333333333333335,3,1
362,8,4,2.0,4,1
363,10,4,2.5,5,1
364,10,3,3.3333333333333335,4,2
365,8,3,2.6666666666666665,4,1
366,8,5,1.6,2,1
367,10,3,3.3333333333333335,5,1
368,10,4,2.5,5,1
369,9,4,2.25,4,1
370,9,4,2.25,4,1
371,8,4,2.0,4,1
372,8,2,4.0,4,4
373,7,3,2.3333333333333335,4,1
374,8,4,2.0,3,1
375,9,5,1.8,3,1
376,9,4,2.25,3,1
377,8,4,2.0,4,1
378,9,4,2.25,5,1
379,8,4,2.0,3,1
380,8,4,2.0,4,1
381,11,4,2.75,4,1
382,8,3,2.6666666666666665,5,1
383,8,3,2.6666666666666665,5,1
384,9,4,2.25,4,1
385,11,5,2.2,5,1
386,10,4,2.5,5,1
387,9,4,2.25,5,1
388,10,3,3.3333333333333335,4,3
389,9,4,2.25,3,2
390,8,3,2.6666666666666665,4,1
391,8,4,2.0,3,1
392,10,4,2.5,4,1
393,7,4,1.75,3,1
394,8,4,2.0,4,1
395,9,3,3.0,4,2
396,11,5,2.2,4,1
397,8,3,2.6666666666666665,5,1
398,9,4,2.25,4,1
399,8,3,2.6666666666666665,4,1
400,8,3,2.6666666666666665,5,1
401,9,4,2.25,4,1
402,8,3,2.6666666666666665,4,1
403,8,5,1.6,3,1
404,10,5,2.0,4,1
405,10,4,2.5,5,1
406,9,4,2.25,5,1
407,9,6,1.5,2,1
408,10,4,2.5,5,1
409,11,5,2.2,4,1
410,10,5,2.0,3,1
411,8,4,2.0,4,1
412,6,3,2.0,3,1
413,8,4,2.0,3,1
414,7,4,1.75,3,1
415,6,3,2.0,3,1
416,8,4,2.0,3,1
417,10,4,2.5,5,1
418,8,5,1.6,3,1
419,7,3,2.3333333333333335,4,1
420,7,3,2.3333333333333335,3,1
421,8,3,2.6666666666666665,5,1
422,8,5,1.6,2,1
423,8,5,1.6,2,1
424,10,5,2.0,3,1
425,8,4,2.0,4,1
426,8,3,2.6666666666666665,4,2
427,8,3,2.6666666666666665,4,1
428,8,3,2.6666666666666665,5,1
429,10,4,2.5,5,1
430,7,3,2.3333333333333335,4,1
431,8,4,2.0,3,1
432,8,3,2.6666666666666665,4,1
433,8,4,2.0,3,1
434,7,4,1.75,3,1
435,11,6,1.8333333333333333,3,1
436,8,4,2.0,4,1
437,6,2,3.0,4,2
438,10,3,3.3333333333333335,5,1
439,7,3,2.3333333333333335,4,1
440,9,3,3.0,4,1
441,9,3,3.0,4,2
442,9,5,1.8,3,1
443,13,4,3.25,4,1
444,8,4,2.0,4,1
445,9,4,2.25,4,1
446,10,4,2.5,4,1
447,9,5,1.8,2,1
448,8,4,2.0,4,1
449,7,4,1.75,3,1
450,8,5,1.6,3,1
451,8,4,2.0,4,1
452,9,4,2.25,5,1
453,11,4,2.75,4,1
454,8,4,2.0,3,1
455,10,6,1.6666666666666667,3,1
456,10,4,2.5,4,1
457,7,4,1.75,2,1
458,9,4,2.25,3,1
459,9,4,2.25,5,1
460,8,4,2.0,3,1
461,7,4,1.75,3,1
462,11,4,2.75,5,1
463,9,4,2.25,4,1
464,9,4,2.25,4,1
465,8,4,2.0,3,1
466,10,4,2.5,4,1
467,8,4,2.0,4,1
468,7,3,2.3333333333333335,4,1
469,9,3,3.0,5,1
470,10,4,2.5,4,1
471,8,5,1.6,2,1
472,9,5,1.8,3,1
473,10,4,2.5,4,1
474,9,4,2.25,5,1
475,8,4,2.0,3,1
476,8,3,2.6666666666666665,5,1
477,8,4,2.0,4,1
478,8,4,2.0,4,1
479,7,3,2.3333333333333335,4,1
480,8,4,2.0,4,1
481,8,5,1.6,2,1
482,8,4,2.0,3,1
483,7,4,1.75,3,1
484,8,3,2.6666666666666665,4,1
485,7,4,1.75,3,1
486,7,3,2.3333333333333335,3,1
487,10,4,2.5,5,1
488,10,4,2.5,5,1
489,11,4,2.75,5,1
490,8,3,2.6666666666666665,5,1
491,8,4,2.0,3,1
492,8,4,2.0,3,1
493,9,5,1.8,4,1
494,7,3,2.3333333333333335,4,1
495,7,4,1.75,2,1
496,9,5,1.8,3,1
497,9,4,2.25,3,1
498,7,4,1.75,2,1
499,9,5,1.8,3,1
500,7,3,2.3333333333333335,4,1
501,8,4,2.0,3,1
502,8,5,1.6,3,1
503,9,5,1.8,4,1
504,10,5,2.0,4,1
505,8,4,2.0,3,1
506,7,3,2.3333333333333335,4,1
507,8,4,2.0,3,1
508,8,5,1.6,3,1
509,8,4,2.0,3,1
510,9,5,1.8,3,1
511,8,3,2.6666666666666665,5,1
512,11,4,2.75,5,1
513,9,4,2.25,4,1
514,8,4,2.0,3,1
515,9,4,2.25,3,1
516,8,4,2.0,3,1
517,9,5,1.8,3,1
518,9,3,3.0,4,1
519,11,5,2.2,4,1
520,5,2,2.5,4,1
521,10,4,2.5,4,1
522,8,4,2.0,4,1
523,8,3,2.6666666666666665,5,1
524,8,4,2.0,3,1
525,8,5,1.6,2,1
526,9,4,2.25,4,1
527,12,4,3.0,4,1
528,8,3,2.6666666666666665,5,1
529,8,5,1.6,3,1
530,8,4,2.0,4,1
531,7,3,2.3333333333333335,3,1
532,7,3,2.3333333333333335,3,2
533,7,3,2.3333333333333335,3,2
534,10,5,2.0,4,1
535,8,4,2.0,4,1
536,10,4,2.5,5,1
537,9,3,3.0,5,1
538,9,5,1.8,3,1
539,7,4,1.75,3,1
540,8,4,2.0,4,1
541,7,4,1.75,3,1
542,7,3,2.3333333333333335,3,2
543,11,4,2.75,5,2
544,9,4,2.25,4,1
545,8,4,2.0,3,1
546,8,4,2.0,3,1
547,10,5,2.0,4,1
548,11,6,1.8333333333333333,3,1
549,8,4,2.0,3,1
550,9,4,2.25,4,1
551,10,5,2.0,4,1
552,11,4,2.75,5,1
553,8,4,2.0,3,1
554,7,3,2.3333333333333335,4,1
555,9,4,2.25,3,1
556,9,4,2.25,5,1
557,9,4,2.25,4,1
558,9,3,3.0,4,2
559,9,3,3.0,4,2
560,8,4,2.0,3,1
561,10,5,2.0,4,1
562,8,4,2.0,3,1
563,8,4,2.0,3,1
564,11,5,2.2,4,1
565,8,3,2.6666666666666665,5,1
566,9,4,2.25,4,1
567,8,4,2.0,4,1
568,10,5,2.0,3,1
569,8,4,2.0,3,1
570,9,4,2.25,3,1
571,9,4,2.25,4,1
572,8,4,2.0,3,1
573,8,4,2.0,4,1
574,9,4,2.25,4,1
575,8,5,1.6,3,1
576,9,5,1.8,3,1
577,8,4,2.0,3,1
578,9,4,2.25,3,1
579,8,4,2.0,3,1
580,9,4,2.25,5,1
581,11,4,2.75,5,1
582,11,6,1.8333333333333333,3,1
583,8,5,1.6,2,1
584,12,6,2.0,5,1
585,10,5,2.0,4,1
586,8,4,2.0,3,1
587,8,4,2.0,3,1
588,9,5,1.8,3,1
589,10,5,2.0,3,1
590,8,4,2.0,3,1
591,9,4,2.25,3,1
592,10,5,2.0,4,1
593,10,5,2.0,4,1
594,8,4,2.0,4,1
595,7,4,1.75,3,1
596,8,4,2.0,3,1
597,7,3,2.3333333333333335,5,1
598,10,5,2.0,4,1
599,7,4,1.75,3,1
600,10,4,2.5,6,1
601,8,4,2.0,3,1
602,9,5,1.8,3,1
603,8,2,4.0,4,4
604,11,4,2.75,5,1
605,9,3,3.0,5,1
606,8,4,2.0,3,1
607,7,4,1.75,3,1
608,7,4,1.75,3,1
609,9,4,2.25,3,1
610,8,3,2.6666666666666665,4,1
611,8,4,2.0,3,1
612,7,4,1.75,3,1
613,9,3,3.0,6,1
614,9,6,1.5,3,1
615,8,3,2.6666666666666665,4,1
616,8,4,2.0,3,1
617,7,2,3.5,4,3
618,9,4,2.25,4,1
619,10,5,2.0,4,1
620,8,4,2.0,3,1
621,8,4,2.0,4,1
622,11,4,2.75,6,1
623,7,4,1.75,3,1
624,9,4,2.25,4,1
625,7,3,2.3333333333333335,4,1
626,9,4,2.25,5,1
627,11,4,2.75,5,1
628,9,4,2.25,4,1
629,8,4,2.0,3,1
630,7,3,2.3333333333333335,3,1
631,7,2,3.5,5,2
632,8,4,2.0,3,1
633,10,4,2.5,4,1
634,11,4,2.75,5,1
635,9,4,2.25,4,1
636,7,4,1.75,3,1
637,8,3,2.6666666666666665,4,1
638,7,3,2.3333333333333335,3,1
639,9,4,2.25,4,1
640,7,3,2.3333333333333335,3,1
641,10,4,2.5,5,1
642,9,3,3.0,4,1
643,7,4,1.75,3,1
644,7,4,1.75,3,1
645,9,3,3.0,4,2
646,9,4,2.25,4,1
647,8,4,2.0,4,1
648,9,4,2.25,5,1
649,8,4,2.0,4,1
650,9,2,4.5,5,4
651,8,4,2.0,3,1
652,6,3,2.0,3,1
653,9,4,2.25,4,1
654,9,4,2.25,3,2
655,10,5,2.0,4,1
656,10,4,2.5,4,1
657,9,4,2.25,4,1
658,9,4,2.25,4,1
659,9,4,2.25,4,1
660,7,3,2.3333333333333335,3,1
661,8,4,2.0,4,1
662,8,3,2.6666666666666665,4,1
663,11,4,2.75,5,1
664,9,3,3.0,5,1
665,8,2,4.0,5,3
666,9,4,2.25,5,1
667,10,5,2.0,4,1
668,9,4,2.25,4,1
669,7,3,2.3333333333333335,4,1
670,9,3,3.0,5,1
671,8,4,2.0,3,1
672,8,4,2.0,3,1
673,7,4,1.75,3,1
674,7,3,2.3333333333333335,4,1
675,8,4,2.0,3,1
676,9,4,2.25,4,1
677,7,3,2.3333333333333335,3,2
678,8,4,2.0,4,1
679,12,5,2.4,5,1
680,7,3,2.3333333333333335,3,1
681,7,4,1.75,3,1
682,8,4,2.0,4,1
683,8,3,2.6666666666666665,5,1
684,7,4,1.75,2,1
685,8,4,2.0,4,1
686,12,6,2.0,4,1
687,8,3,2.6666666666666665,4,1
688,7,4,1.75,2,1
689,7,3,2.3333333333333335,4,1
690,9,4,2.25,3,1
691,9,5,1.8,4,1
692,9,4,2.25,4,1
693,9,4,2.25,4,1
694,8,4,2.0,4,1
695,9,3,3.0,5,1
696,9,4,2.25,4,1
697,7,3,2.3333333333333335,3,2
698,8,4,2.0,3,1
699,9,3,3.0,5,1
700,9,3,3.0,5,2
701,6,2,3.0,5,1
702,10,4,2.5,4,1
703,7,4,1.75,3,1
704,8,4,2.0,4,1
705,10,4,2.5,4,1
706,8,4,2.0,4,1
707,8,5,1.6,3,1
708,9,4,2.25,4,1
709,8,3,2.6666666666666665,4,2
710,9,5,1.8,3,1
711,10,4,2.5,5,1
712,10,4,2.5,5,1
713,8,4,2.0,3,1
714,8,3,2.6666666666666665,4,1
715,8,3,2.6666666666666665,3,2
716,8,4,2.0,4,1
717,10,3,3.3333333333333335,5,2
718,8,3,2.6666666666666665,5,1
719,8,5,1.6,3,1
720,8,4,2.0,3,1
721,9,3,3.0,4,2
722,10,4,2.5,4,1
723,10,4,2.5,5,1
724,7,4,1.75,3,1
725,10,4,2.5,4,1
726,9,4,2.25,3,1
727,10,3,3.3333333333333335,5,2
728,8,3,2.6666666666666665,4,1
729,10,4,2.5,4,1
730,8,3,2.6666666666666665,4,1
731,9,4,2.25,5,1
732,9,5,1.8,3,1
733,10,4,2.5,4,1
734,6,3,2.0,3,1
735,9,4,2.25,4,1
736,11,4,2.75,4,1
737,10,4,2.5,3,1
738,9,3,3.0,6,1
739,8,4,2.0,3,1
740,7,3,2.3333333333333335,4,1
741,8,4,2.0,4,1
742,12,4,3.0,4,2
743,9,4,2.25,3,1
744,8,4,2.0,4,1
745,7,4,1.75,3,1
746,8,3,2.6666666666666665,4,1
747,9,5,1.8,3,1
748,8,3,2.6666666666666665,3,2
749,8,4,2.0,3,1
750,10,4,2.5,5,1
751,8,4,2.0,3,1
752,6,2,3.0,4,2
753,8,4,2.0,3,1
754,7,2,3.5,5,2
755,7,2,3.5,5,2
756,8,4,2.0,3,1
757,8,4,2.0,3,1
758,8,5,1.6,3,1
759,8,4,2.0,3,1
760,6,2,3.0,4,2
761,8,5,1.6,2,1
762,7,4,1.75,3,1
763,10,4,2.5,4,1
764,7,3,2.3333333333333335,3,1
765,8,4,2.0,3,1
766,8,4,2.0,4,1
767,9,5,1.8,3,1
768,9,3,3.0,5,2
769,11,4,2.75,4,1
770,10,4,2.5,6,1
771,10,4,2.5,3,1
772,6,3,2.0,2,2
773,7,3,2.3333333333333335,3,1
774,7,4,1.75,3,1
775,9,5,1.8,4,1
776,9,4,2.25,4,1
777,8,4,2.0,3,1
778,7,4,1.75,2,1
779,9,5,1.8,3,1
780,9,4,2.25,4,1
781,8,4,2.0,4,1
782,8,4,2.0,4,1
783,11,5,2.2,4,1
784,9,3,3.0,5,1
785,7,3,2.3333333333333335,3,1
786,8,4,2.0,4,1
787,7,3,2.3333333333333335,4,1
788,10,4,2.5,5,1
789,8,4,2.0,3,1
790,9,4,2.25,4,1
791,9,3,3.0,5,1
792,7,3,2.3333333333333335,3,1
793,8,4,2.0,3,1
794,7,3,2.3333333333333335,4,1
795,8,5,1.6,3,1
796,7,4,1.75,3,1
797,9,4,2.25,4,1
798,9,4,2.25,5,1
799,9,5,1.8,2,1
800,9,4,2.25,4,1
801,8,4,2.0,3,1
802,9,5,1.8,3,1
803,7,3,2.3333333333333335,4,1
804,8,5,1.6,3,1
805,8,5,1.6,2,1
806,8,3,2.6666666666666665,4,2
807,12,4,3.0,5,2
808,8,5,1.6,2,1
809,8,3,2.6666666666666665,5,1
810,7,3,2.3333333333333335,4,1
811,9,4,2.25,4,1
812,8,5,1.6,3,1
813,8,4,2.0,4,1
814,8,4,2.0,3,1
815,7,3,2.3333333333333335,4,1
816,8,4,2.0,3,1
817,7,4,1.75,3,1
818,8,3,2.6666666666666665,5,1
819,9,4,2.25,4,1
820,9,5,1.8,3,1
821,8,4,2.0,3,1
822,9,4,2.25,3,1
823,7,4,1.75,2,1
824,7,3,2.3333333333333335,3,1
825,7,3,2.3333333333333335,3,2
826,10,4,2.5,4,1
827,8,5,1.6,3,1
828,9,4,2.25,4,1
829,8,4,2.0,3,1
830,8,4,2.0,3,1
831,8,4,2.0,3,1
832,7,3,2.3333333333333335,4,1
833,9,4,2.25,5,1
834,9,4,2.25,4,1
835,8,4,2.0,4,1
836,9,5,1.8,3,1
837,7,3,2.3333333333333335,3,2
838,7,3,2.3333333333333335,4,1
839,9,4,2.25,3,1
840,9,5,1.8,3,1
841,6,3,2.0,2,2
842,8,4,2.0,4,1
843,9,5,1.8,3,1
844,8,4,2.0,3,1
845,8,3,2.6666666666666665,3,2
846,8,4,2.0,3,1
847,8,4,2.0,4,1
848,8,4,2.0,4,1
849,7,4,1.75,3,1
850,8,5,1.6,2,1
851,11,4,2.75,4,2
852,8,4,2.0,3,1
853,9,5,1.8,3,1
854,8,2,4.0,5,3
855,8,4,2.0,3,1
856,8,4,2.0,4,1
857,8,4,2.0,4,1
858,10,4,2.5,4,1
859,8,4,2.0,3,1
860,8,3,2.6666666666666665,4,1
861,11,5,2.2,4,1
862,8,3,2.6666666666666665,4,1
863,9,4,2.25,4,1
864,11,5,2.2,4,1
865,8,3,2.6666666666666665,3,2
866,9,4,2.25,4,1
867,8,5,1.6,2,1
868,7,3,2.3333333333333335,4,1
869,12,5,2.4,4,1
870,9,4,2.25,4,1
871,9,5,1.8,3,1
872,8,3,2.6666666666666665,4,2
873,9,4,2.25,4,1
874,10,4,2.5,4,1
875,8,4,2.0,3,1
876,7,3,2.3333333333333335,3,1
877,8,4,2.0,3,1
878,8,3,2.6666666666666665,4,2
879,9,4,2.25,4,1
880,9,4,2.25,5,1
881,10,4,2.5,6,1
882,7,3,2.3333333333333335,4,1
883,10,4,2.5,4,1
884,9,4,2.25,3,1
885,8,4,2.0,3,1
886,9,3,3.0,4,2
887,11,4,2.75,5,2
888,9,4,2.25,3,1
889,10,5,2.0,3,1
890,8,4,2.0,4,1
891,8,3,2.6666666666666665,5,1
892,10,4,2.5,4,1
893,8,4,2.0,3,1
894,9,4,2.25,4,1
895,9,4,2.25,4,1
896,10,4,2.5,3,1
897,8,4,2.0,3,1
898,8,4,2.0,4,1
899,7,3,2.3333333333333335,3,1
900,7,4,1.75,3,1
901,8,4,2.0,3,1
902,8,3,2.6666666666666665,4,1
903,10,3,3.3333333333333335,4,3
904,8,3,2.6666666666666665,4,1
905,7,3,2.3333333333333335,4,1
906,10,4,2.5,4,1
907,7,4,1.75,3,1
908,9,4,2.25,3,1
909,7,3,2.3333333333333335,3,2
910,7,4,1.75,3,1
911,8,3,2.6666666666666665,5,1
912,9,4,2.25,4,1
913,8,3,2.6666666666666665,5,1
914,8,4,2.0,4,1
915,10,4,2.5,6,1
916,9,4,2.25,5,1
917,8,5,1.6,3,1
918,10,3,3.3333333333333335,5,2
919,10,5,2.0,4,1
920,9,5,1.8,2,1
921,8,4,2.0,4,1
922,9,6,1.5,3,1
923,8,3,2.6666666666666665,4,1
924,8,3,2.6666666666666665,5,1
925,8,4,2.0,4,1
926,8,4,2.0,3,1
927,8,4,2.0,4,1
928,10,4,2.5,4,1
929,9,5,1.8,4,1
930,11,4,2.75,4,2
931,11,5,2.2,4,1
932,10,4,2.5,4,1
933,11,4,2.75,5,1
934,8,4,2.0,4,1
935,7,3,2.3333333333333335,3,2
936,9,5,1.8,3,1
937,8,4,2.0,4,1
938,7,3,2.3333333333333335,3,2
939,10,5,2.0,3,1
940,9,4,2.25,4,1
941,9,4,2.25,3,1
942,8,4,2.0,4,1
943,7,4,1.75,3,1
944,7,3,2.3333333333333335,4,1
945,9,5,1.8,3,1
946,8,4,2.0,4,1
947,8,3,2.6666666666666665,4,1
948,12,4,3.0,5,1
949,8,4,2.0,4,1
950,11,4,2.75,5,1
951,8,5,1.6,2,1
952,8,3,2.6666666666666665,4,1
953,8,4,2.0,4,1
954,8,4,2.0,3,1
955,7,3,2.3333333333333335,4,1
956,10,6,1.6666666666666667,3,1
957,8,3,2.6666666666666665,4,2
958,7,3,2.3333333333333335,3,2
959,8,4,2.0,3,1
960,9,3,3.0,3,3
961,8,3,2.6666666666666665,4,2
962,8,3,2.6666666666666665,4,1
963,8,4,2.0,3,1
964,7,3,2.3333333333333335,3,2
965,8,4,2.0,4,1
966,8,3,2.6666666666666665,4,2
967,7,3,2.3333333333333335,3,1
968,9,5,1.8,3,1
969,10,4,2.5,3,1
970,9,4,2.25,4,1
971,8,4,2.0,3,1
972,8,3,2.6666666666666665,4,1
973,13,4,3.25,4,2
974,9,4,2.25,5,1
975,10,5,2.0,3,1
976,9,5,1.8,3,1
977,11,5,2.2,3,1
978,16,8,2.0,5,1
979,9,3,3.0,5,1
980,10,4,2.5,3,1
981,8,4,2.0,3,1
982,8,4,2.0,4,1
983,9,4,2.25,4,1
984,9,3,3.0,5,1
985,7,4,1.75,3,1
986,8,3,2.6666666666666665,3,2
987,7,3,2.3333333333333335,5,1
988,10,5,2.0,4,1
989,8,4,2.0,3,1
990,9,4,2.25,4,1
991,8,4,2.0,3,1
992,10,4,2.5,3,1
993,9,4,2.25,3,1
994,8,5,1.6,3,1
995,6,4,1.5,2,1
996,6,3,2.0,3,1
997,9,4,2.25,4,1
998,9,4,2.25,3,1
999,8,4,2.0,4,1
1000,7,4,1.75,3,1
1001,8,4,2.0,4,1
1002,9,4,2.25,5,1
1003,9,4,2.25,4,1
1004,8,4,2.0,4,1
1005,7,3,2.3333333333333335,4,1
1006,11,4,2.75,4,1
1007,9,4,2.25,4,1
1008,8,4,2.0,3,1
1009,10,4,2.5,4,1
1010,10,5,2.0,5,1
1011,10,5,2.0,3,1
1012,8,4,2.0,3,1
1013,10,4,2.5,5,1
1014,10,5,2.0,4,1
1015,8,4,2.0,3,1
1016,7,4,1.75,3,1
1017,8,4,2.0,4,1
1018,8,4,2.0,3,1
1019,10,4,2.5,4,1
1020,8,4,2.0,3,1
1021,9,4,2.25,4,1
1022,9,4,2.25,5,1
1023,9,5,1.8,4,1
1024,8,4,2.0,3,1
1025,8,3,2.6666666666666665,4,2
1026,8,3,2.6666666666666665,4,1
1027,9,4,2.25,4,1
1028,9,5,1.8,3,1
1029,10,5,2.0,3,1
1030,10,4,2.5,4,1
1031,8,3,2.6666666666666665,4,1
1032,9,4,2.25,3,1
1033,8,4,2.0,4,1
1034,8,4,2.0,4,1
1035,7,4,1.75,3,1
1036,8,4,2.0,4,1
1037,6,3,2.0,3,1
1038,9,4,2.25,3,1
1039,8,5,1.6,3,1
1040,10,4,2.5,4,1
1041,10,5,2.0,4,1
1042,10,4,2.5,5,1
1043,7,4,1.75,3,1
1044,10,5,2.0,4,1
1045,8,4,2.0,3,1
1046,8,4,2.0,4,1
1047,8,4,2.0,3,1
1048,8,4,2.0,4,1
1049,7,4,1.75,3,1
1050,7,4,1.75,2,1
1051,9,5,1.8,3,1
1052,10,4,2.5,3,1
1053,8,4,2.0,4,1
1054,7,4,1.75,3,1
1055,10,4,2.5,5,1
1056,7,3,2.3333333333333335,4,1
1057,8,3,2.6666666666666665,5,1
1058,9,4,2.25,4,1
1059,7,3,2.3333333333333335,3,1
1060,8,4,2.0,3,1
1061,8,4,2.0,4,1
1062,9,5,1.8,3,1
1063,9,3,3.0,5,1
1064,8,4,2.0,3,1
1065,7,2,3.5,4,3
1066,6,3,2.0,2,2
1067,10,5,2.0,3,1
1068,8,4,2.0,4,1
1069,9,4,2.25,4,1
1070,8,4,2.0,3,1
1071,7,4,1.75,2,1
1072,8,3,2.6666666666666665,4,2
1073,10,5,2.0,4,1
1074,8,4,2.0,3,1
1075,10,4,2.5,4,1
1076,9,3,3.0,4,1
1077,7,3,2.3333333333333335,3,1
1078,11,4,2.75,4,1
1079,8,4,2.0,4,1
1080,8,4,2.0,3,1
1081,8,4,2.0,4,1
1082,8,4,2.0,3,1
1083,10,5,2.0,3,1
1084,8,4,2.0,4,1
1085,10,4,2.5,5,1
1086,8,3,2.6666666666666665,5,1
1087,9,5,1.8,3,1
1088,11,5,2.2,4,1
1089,8,4,2.0,3,1
1090,10,3,3.3333333333333335,5,1
1091,8,3,2.6666666666666665,4,1
1092,7,3,2.3333333333333335,4,1
1093,6,3,2.0,2,2
1094,8,4,2.0,3,1
1095,7,3,2.3333333333333335,4,1
1096,9,4,2.25,4,1
1097,8,3,2.6666666666666665,4,1
1098,8,4,2.0,4,1
1099,8,4,2.0,4,1
1100,9,4,2.25,5,1
1101,8,3,2.6666666666666665,5,1
1102,7,3,2.3333333333333335,4,1
1103,9,4,2.25,4,1
1104,8,4,2.0,3,1
1105,10,4,2.5,5,1
1106,16,6,2.6666666666666665,4,1
1107,8,3,2.6666666666666665,5,1
1108,9,4,2.25,3,1
1109,9,3,3.0,3,3
1110,8,4,2.0,3,1
1111,10,5,2.0,4,1
1112,10,4,2.5,4,1
1113,6,3,2.0,3,1
1114,9,5,1.8,3,1
1115,8,4,2.0,4,1
1116,10,5,2.0,4,1
1117,9,5,1.8,3,1
1118,7,4,1.75,3,1
1119,8,5,1.6,2,1
1120,9,3,3.0,4,1
1121,10,4,2.5,3,1
1122,8,3,2.6666666666666665,5,1
1123,9,3,3.0,5,1
1124,8,4,2.0,3,1
1125,8,4,2.0,4,1
1126,9,4,2.25,4,1
1127,8,4,2.0,3,1
1128,8,4,2.0,3,1
1129,7,4,1.75,2,1
1130,10,5,2.0,4,1
1131,8,5,1.6,2,1
1132,9,3,3.0,3,3
1133,10,5,2.0,4,1
1134,10,5,2.0,4,1
1135,8,3,2.6666666666666665,5,1
1136,8,4,2.0,3,1
1137,8,4,2.0,3,1
1138,8,3,2.6666666666666665,5,1
1139,9,3,3.0,4,2
1140,8,3,2.6666666666666665,5,1
1141,9,4,2.25,4,1
1142,8,4,2.0,3,1
1143,8,4,2.0,3,1
1144,10,4,2.5,5,1
1145,8,4,2.0,3,1
1146,10,4,2.5,6,1
1147,11,3,3.6666666666666665,4,3
1148,9,4,2.25,5,1
1149,8,4,2.0,3,1
1150,10,5,2.0,4,1
1151,7,3,2.3333333333333335,3,2
1152,10,4,2.5,4,1
1153,7,3,2.3333333333333335,3,2
1154,10,4,2.5,4,1
1155,12,6,2.0,3,1
1156,8,3,2.6666666666666665,5,1
1157,10,5,2.0,3,1
1158,9,4,2.25,3,1
1159,8,3,2.6666666666666665,4,1
1160,9,5,1.8,4,1
1161,9,4,2.25,3,1
1162,8,5,1.6,2,1
1163,11,4,2.75,5,1
1164,13,6,2.1666666666666665,4,1
1165,12,6,2.0,3,1
1166,7,3,2.3333333333333335,3,1
1167,7,4,1.75,2,1
1168,9,4,2.25,3,1
1169,8,4,2.0,3,1
1170,8,3,2.6666666666666665,4,1
1171,8,3,2.6666666666666665,5,1
1172,9,3,3.0,5,2
1173,10,4,2.5,3,1
1174,9,4,2.25,4,1
1175,7,2,3.5,5,2
1176,7,3,2.3333333333333335,3,1
1177,6,3,2.0,3,1
1178,9,4,2.25,4,1
1179,10,4,2.5,3,1
1180,10,4,2.5,5,1
1181,7,3,2.3333333333333335,4,1
1182,8,4,2.0,3,1
1183,8,4,2.0,4,1
1184,6,3,2.0,2,2
1185,7,3,2.3333333333333335,4,1
1186,9,4,2.25,3,1
1187,8,4,2.0,3,1
1188,5,3,1.6666666666666667,3,1
1189,10,2,5.0,5,5
1190,12,7,1.7142857142857142,3,1
1191,9,2,4.5,6,3
1192,7,4,1.75,3,1
1193,10,6,1.6666666666666667,2,1
1194,8,4,2.0,3,1
1195,6,3,2.0,2,2
1196,8,5,1.6,2,1
1197,8,4,2.0,3,1
1198,7,3,2.3333333333333335,4,1
1199,8,4,2.0,4,1
1200,8,3,2.6666666666666665,4,1
1201,9,4,2.25,4,1
1202,8,5,1.6,3,1
1203,8,4,2.0,3,1
1204,8,5,1.6,2,1
1205,9,4,2.25,3,1
1206,8,4,2.0,4,1
1207,9,4,2.25,3,1
1208,11,5,2.2,5,1
1209,8,4,2.0,3,1
1210,9,5,1.8,3,1
1211,8,4,2.0,3,1
1212,8,3,2.6666666666666665,4,1
1213,6,3,2.0,3,1
1214,10,6,1.6666666666666667,2,1
1215,8,4,2.0,4,1
1216,8,3,2.6666666666666665,5,1
1217,8,4,2.0,3,1
1218,8,5,1.6,2,1
1219,8,5,1.6,3,1
1220,8,3,2.6666666666666665,4,2
1221,7,4,1.75,3,1
1222,7,3,2.3333333333333335,3,1
1223,10,4,2.5,5,1
1224,7,3,2.3333333333333335,5,1
1225,9,5,1.8,3,1
1226,8,4,2.0,3,1
1227,9,3,3.0,5,1
1228,8,4,2.0,4,1
1229,8,4,2.0,3,1
1230,8,5,1.6,3,1
1231,8,3,2.6666666666666665,5,1
1232,8,4,2.0,3,1
1233,9,4,2.25,3,1
1234,8,3,2.6666666666666665,5,1
1235,12,5,2.4,3,2
1236,8,4,2.0,4,1
1237,8,4,2.0,3,1
1238,9,4,2.25,4,1
1239,9,5,1.8,4,1
1240,8,4,2.0,3,1
1241,7,3,2.3333333333333335,5,1
1242,9,4,2.25,3,1
1243,8,4,2.0,3,1
1244,8,4,2.0,3,1
1245,8,4,2.0,4,1
1246,9,6,1.5,2,1
1247,9,4,2.25,4,1
1248,9,4,2.25,5,1
1249,9,4,2.25,4,1
1250,8,3,2.6666666666666665,4,1
1251,8,4,2.0,4,1
1252,8,3,2.6666666666666665,5,1
1253,7,4,1.75,3,1
1254,7,4,1.75,3,1
1255,7,3,2.3333333333333335,4,1
1256,10,4,2.5,4,1
1257,8,3,2.6666666666666665,5,1
1258,11,4,2.75,3,2
1259,11,5,2.2,4,1
1260,9,5,1.8,4,1
1261,8,3,2.6666666666666665,3,2
1262,9,4,2.25,4,1
1263,8,3,2.6666666666666665,5,1
1264,10,4,2.5,4,1
1265,9,3,3.0,4,1
1266,10,4,2.5,4,1
1267,8,5,1.6,2,1
1268,10,4,2.5,4,1
1269,7,4,1.75,3,1
1270,10,4,2.5,4,1
1271,8,4,2.0,3,1
1272,10,4,2.5,4,1
1273,8,4,2.0,3,1
1274,8,4,2.0,3,1
1275,8,4,2.0,4,1
1276,9,3,3.0,4,1
1277,10,4,2.5,4,1
1278,9,4,2.25,4,1
1279,9,4,2.25,5,1
1280,9,4,2.25,4,1
1281,8,4,2.0,4,1
1282,12,4,3.0,6,1
1283,10,6,1.6666666666666667,3,1
1284,10,4,2.5,3,1
1285,10,4,2.5,6,1
1286,9,4,2.25,4,1
1287,19,9,2.111111111111111,4,1
1288,10,3,3.3333333333333335,5,1
1289,11,4,2.75,5,1
1290,8,3,2.6666666666666665,5,1
1291,15,7,2.142857142857143,3,1
1292,9,5,1.8,2,1
1293,7,3,2.3333333333333335,4,1
1294,13,5,2.6,4,1
1295,6,3,2.0,2,2
1296,8,4,2.0,3,1
1297,7,4,1.75,2,1
1298,8,4,2.0,4,1
1299,8,4,2.0,4,1
1300,6,3,2.0,2,2
1301,8,4,2.0,4,1
1302,7,4,1.75,3,1
1303,10,4,2.5,3,2
1304,8,4,2.0,4,1
1305,8,4,2.0,3,1
1306,8,4,2.0,3,1
1307,9,5,1.8,4,1
1308,9,5,1.8,3,1
1309,8,4,2.0,3,1
1310,9,4,2.25,3,1
1311,9,4,2.25,5,1
1312,9,4,2.25,4,1
1313,6,3,2.0,4,1
1314,7,3,2.3333333333333335,4,1
1315,8,3,2.6666666666666665,4,1
1316,9,3,3.0,5,1
1317,9,4,2.25,4,1
1318,8,3,2.6666666666666665,5,1
1319,7,3,2.3333333333333335,4,1
1320,8,4,2.0,3,1
1321,8,3,2.6666666666666665,4,1
1322,9,4,2.25,4,1
1323,8,3,2.6666666666666665,4,2
1324,9,5,1.8,3,1
1325,7,3,2.3333333333333335,4,1
1326,9,4,2.25,5,1
1327,7,4,1.75,3,1
1328,8,3,2.6666666666666665,4,1
1329,9,4,2.25,4,1
1330,10,4,2.5,4,1
1331,9,4,2.25,4,1
1332,9,4,2.25,5,1
1333,9,4,2.25,4,1
1334,12,6,2.0,4,1
1335,9,4,2.25,4,1
1336,7,3,2.3333333333333335,4,1
1337,9,4,2.25,4,1
1338,7,3,2.3333333333333335,4,1
1339,7,3,2.3333333333333335,4,1
1340,8,3,2.6666666666666665,4,1
1341,8,4,2.0,3,1
1342,10,5,2.0,4,1
1343,8,4,2.0,3,1
1344,7,3,2.3333333333333335,4,1
1345,8,4,2.0,4,1
1346,11,4,2.75,4,1
1347,8,4,2.0,3,1
1348,8,4,2.0,3,1
1349,10,4,2.5,4,1
1350,9,5,1.8,3,1
1351,8,3,2.6666666666666665,4,1
1352,9,5,1.8,3,1
1353,8,4,2.0,4,1
1354,10,5,2.0,3,1
1355,10,5,2.0,4,1
1356,8,4,2.0,3,1
1357,8,4,2.0,3,1
1358,9,4,2.25,3,1
1359,7,4,1.75,3,1
1360,9,4,2.25,5,1
1361,10,5,2.0,3,1
1362,9,5,1.8,3,1
1363,7,3,2.3333333333333335,5,1
1364,10,5,2.0,4,1
1365,7,3,2.3333333333333335,3,1
1366,10,4,2.5,4,1
1367,10,5,2.0,3,1
1368,8,3,2.6666666666666665,4,2
1369,8,6,1.3333333333333333,2,1
1370,8,4,2.0,3,1
1371,8,4,2.0,3,1
1372,8,4,2.0,4,1
1373,6,3,2.0,3,1
1374,9,5,1.8,3,1
1375,9,4,2.25,4,1
1376,10,4,2.5,5,1
1377,9,3,3.0,5,1
1378,8,4,2.0,3,1
1379,8,4,2.0,4,1
1380,7,4,1.75,3,1
1381,10,5,2.0,3,1
1382,8,3,2.6666666666666665,5,1
1383,8,3,2.6666666666666665,5,1
1384,9,3,3.0,5,1
1385,8,4,2.0,3,1
1386,8,3,2.6666666666666665,3,2
1387,9,4,2.25,4,1
1388,6,3,2.0,4,0
1389,10,5,2.0,3,1
1390,11,5,2.2,4,1
1391,9,5,1.8,3,1
1392,11,3,3.6666666666666665,6,2
1393,9,4,2.25,4,1
1394,9,5,1.8,3,1
1395,8,5,1.6,2,1
1396,8,4,2.0,3,1
1397,7,4,1.75,3,1
1398,9,3,3.0,4,2
1399,9,4,2.25,4,1
1400,8,3,2.6666666666666665,4,1
1401,8,3,2.6666666666666665,4,1
1402,8,3,2.6666666666666665,4,1
1403,9,3,3.0,4,2
1404,7,4,1.75,3,1
1405,8,4,2.0,3,1
1406,10,3,3.3333333333333335,4,2
1407,8,3,2.6666666666666665,5,1
1408,8,3,2.6666666666666665,3,2
1409,9,5,1.8,3,1
1410,11,5,2.2,3,1
1411,9,4,2.25,4,1
1412,8,4,2.0,3,1
1413,8,4,2.0,3,1
1414,11,5,2.2,3,1
1415,7,3,2.3333333333333335,3,1
1416,8,4,2.0,3,1
1417,8,5,1.6,2,1
1418,8,3,2.6666666666666665,4,2
1419,10,4,2.5,5,1
1420,9,5,1.8,3,1
1421,6,3,2.0,3,1
1422,11,5,2.2,5,1
1423,9,4,2.25,4,1
1424,9,3,3.0,4,2
1425,9,3,3.0,5,2
1426,9,5,1.8,3,1
1427,8,4,2.0,4,1
1428,7,4,1.75,3,1
1429,7,4,1.75,3,1
1430,11,5,2.2,4,1
1431,8,4,2.0,3,1
1432,8,4,2.0,3,1
1433,7,3,2.3333333333333335,4,1
1434,9,4,2.25,4,1
1435,9,3,3.0,5,1
1436,11,4,2.75,6,1
1437,9,4,2.25,5,1
1438,11,4,2.75,5,1
1439,11,4,2.75,4,1
1440,9,5,1.8,3,1
1441,8,3,2.6666666666666665,4,2
1442,7,4,1.75,3,1
1443,7,4,1.75,3,1
1444,8,3,2.6666666666666665,5,1
1445,6,3,2.0,3,1
1446,9,4,2.25,4,1
1447,9,3,3.0,5,1
1448,6,3,2.0,3,1
1449,7,3,2.3333333333333335,3,1
1450,7,4,1.75,3,1
1451,9,4,2.25,4,1
1452,7,3,2.3333333333333335,3,1
1453,7,3,2.3333333333333335,3,1
1454,10,5,2.0,4,1
1455,7,4,1.75,3,1
1456,7,4,1.75,3,1
1457,9,4,2.25,4,1
1458,10,5,2.0,3,1
1459,7,4,1.75,3,1
1460,9,4,2.25,5,1
1461,8,3,2.6666666666666665,4,1
1462,11,4,2.75,4,1
1463,10,4,2.5,5,1
1464,10,4,2.5,5,1
1465,7,3,2.3333333333333335,4,1
1466,12,4,3.0,6,1
1467,8,3,2.6666666666666665,5,1
1468,12,6,2.0,3,1
1469,10,4,2.5,4,1
